DeviceTag: Xsens DOT,FirmwareVersion: 3.0.0,AppVersion: 2023.6.0,SyncStatus: Unknown (Synced/Un-synced),OutputRate: 60,FilterProfile: Unknown,Measurement Mode: Sensor fusion Mode - Extended (Euler),StartTime: 2024-12-02 18:04:02.539,Â© Movella Technologies B.V. 2005-2024
SampleTimeFine,Quat_W,Quat_X,Quat_Y,Quat_Z,FreeAcc_X,FreeAcc_Y,FreeAcc_Z,Status
3971346,0.8380,-0.0486,0.0157,0.5432,0.0033,-0.0107,-0.1500,0
3971512,0.8381,-0.0484,0.0156,0.5431,0.0176,-0.0047,-0.1507,0
3971679,0.8383,-0.0484,0.0154,0.5428,0.0110,-0.0184,-0.1606,0
3971846,0.8383,-0.0484,0.0153,0.5428,0.0117,-0.0052,-0.1566,0
3972012,0.8384,-0.0483,0.0152,0.5427,0.0104,-0.0038,-0.1049,0
3972179,0.8383,-0.0482,0.0151,0.5429,-0.0019,-0.0244,-0.1558,0
3972346,0.8383,-0.0481,0.0150,0.5430,0.0027,-0.0111,-0.1580,0
3972512,0.8382,-0.0479,0.0149,0.5430,0.0096,-0.0027,-0.1465,0
3972679,0.8383,-0.0478,0.0148,0.5429,0.0094,-0.0224,-0.1585,0
3972846,0.8382,-0.0476,0.0148,0.5431,0.0005,-0.0255,-0.1627,0
3973012,0.8382,-0.0475,0.0147,0.5430,0.0071,-0.0258,-0.1579,0
3973179,0.8382,-0.0473,0.0146,0.5432,0.0010,-0.0433,-0.1404,0
3973346,0.8381,-0.0471,0.0146,0.5432,0.0029,-0.0400,-0.1499,0
3973512,0.8381,-0.0470,0.0145,0.5432,0.0205,-0.0324,-0.1434,0
3973679,0.8381,-0.0468,0.0145,0.5433,0.0133,-0.0498,-0.1556,0
3973846,0.8381,-0.0467,0.0144,0.5434,0.0047,-0.0480,-0.1502,0
3974012,0.8380,-0.0466,0.0144,0.5434,0.0118,-0.0556,-0.1444,0
3974179,0.8382,-0.0464,0.0143,0.5432,0.0054,-0.0389,-0.1539,0
3974346,0.8382,-0.0463,0.0143,0.5432,0.0056,-0.0443,-0.1450,0
3974512,0.8380,-0.0461,0.0142,0.5435,0.0101,-0.0492,-0.1416,0
3974679,0.8381,-0.0459,0.0142,0.5434,0.0140,-0.0598,-0.1369,0
3974846,0.8382,-0.0458,0.0141,0.5433,0.0061,-0.0693,-0.1490,0
3975012,0.8383,-0.0456,0.0141,0.5431,0.0098,-0.0729,-0.1377,0
3975179,0.8383,-0.0455,0.0140,0.5432,0.0289,-0.0553,-0.1524,0
3975346,0.8383,-0.0453,0.0140,0.5432,0.0074,-0.0650,-0.1316,0
3975512,0.8385,-0.0452,0.0139,0.5429,0.0128,-0.0741,-0.1127,0
3975679,0.8385,-0.0450,0.0139,0.5429,0.0098,-0.0656,-0.1259,0
3975846,0.8383,-0.0449,0.0138,0.5432,0.0161,-0.0684,-0.1434,0
3976012,0.8381,-0.0447,0.0138,0.5434,0.0160,-0.0782,-0.1545,0
3976179,0.8381,-0.0445,0.0137,0.5435,0.0148,-0.0829,-0.1480,0
3976346,0.8381,-0.0444,0.0137,0.5435,0.0206,-0.0972,-0.1387,0
3976512,0.8381,-0.0442,0.0136,0.5435,0.0221,-0.0933,-0.1525,0
3976679,0.8379,-0.0441,0.0135,0.5438,0.0111,-0.1012,-0.1340,0
3976846,0.8379,-0.0439,0.0135,0.5439,0.0316,-0.0935,-0.1487,0
3977012,0.8379,-0.0438,0.0134,0.5439,0.0331,-0.1116,-0.1452,0
3977179,0.8378,-0.0436,0.0133,0.5440,0.0400,-0.1081,-0.1487,0
3977346,0.8378,-0.0435,0.0133,0.5441,0.0236,-0.1027,-0.1589,0
3977512,0.8379,-0.0434,0.0133,0.5440,0.0249,-0.1054,-0.1488,0
3977679,0.8380,-0.0432,0.0132,0.5438,0.0410,-0.1136,-0.1504,0
3977846,0.8379,-0.0430,0.0131,0.5440,0.0272,-0.1130,-0.1282,0
3978012,0.8379,-0.0429,0.0131,0.5439,0.0230,-0.1231,-0.1307,0
3978179,0.8379,-0.0427,0.0130,0.5440,0.0380,-0.1170,-0.1332,0
3978346,0.8378,-0.0426,0.0130,0.5441,0.0331,-0.1250,-0.1429,0
3978512,0.8377,-0.0424,0.0129,0.5443,0.0358,-0.1402,-0.1479,0
3978679,0.8376,-0.0423,0.0128,0.5444,0.0246,-0.1260,-0.1252,0
3978846,0.8378,-0.0421,0.0128,0.5442,0.0241,-0.1298,-0.1589,0
3979012,0.8377,-0.0420,0.0127,0.5444,0.0168,-0.1471,-0.1552,0
3979179,0.8377,-0.0419,0.0126,0.5443,0.0342,-0.1472,-0.1519,0
3979346,0.8378,-0.0417,0.0126,0.5442,0.0345,-0.1392,-0.1509,0
3979512,0.8380,-0.0416,0.0126,0.5440,0.0350,-0.1396,-0.1316,0
3979679,0.8382,-0.0414,0.0125,0.5436,0.0333,-0.1481,-0.1460,0
3979846,0.8383,-0.0413,0.0125,0.5435,0.0344,-0.1494,-0.1683,0
3980012,0.8387,-0.0411,0.0124,0.5429,0.0356,-0.1571,-0.1442,0
3980179,0.8387,-0.0410,0.0124,0.5429,0.0355,-0.1526,-0.1146,0
3980346,0.8388,-0.0408,0.0123,0.5428,0.0278,-0.1577,-0.1334,0
3980512,0.8389,-0.0407,0.0123,0.5426,0.0455,-0.1646,-0.1349,0
3980679,0.8389,-0.0405,0.0122,0.5426,0.0409,-0.1569,-0.1468,0
3980846,0.8390,-0.0404,0.0122,0.5425,0.0246,-0.1588,-0.1482,0
3981012,0.8390,-0.0402,0.0121,0.5426,0.0264,-0.1666,-0.1479,0
3981179,0.8389,-0.0401,0.0121,0.5427,0.0367,-0.1784,-0.1375,0
3981346,0.8389,-0.0399,0.0120,0.5427,0.0548,-0.1865,-0.1277,0
3981512,0.8389,-0.0398,0.0120,0.5427,0.0353,-0.1850,-0.1341,0
3981679,0.8389,-0.0396,0.0119,0.5427,0.0348,-0.1873,-0.1493,0
3981846,0.8390,-0.0395,0.0119,0.5426,0.0343,-0.1821,-0.1412,0
3982013,0.8390,-0.0393,0.0118,0.5426,0.0423,-0.1987,-0.1480,0
3982179,0.8390,-0.0392,0.0118,0.5426,0.0389,-0.1921,-0.1289,0
3982346,0.8389,-0.0390,0.0117,0.5428,0.0541,-0.1898,-0.1346,0
3982513,0.8389,-0.0389,0.0117,0.5428,0.0488,-0.1833,-0.1346,0
3982679,0.8389,-0.0388,0.0116,0.5427,0.0486,-0.2155,-0.1379,0
3982846,0.8390,-0.0386,0.0116,0.5426,0.0423,-0.1980,-0.1424,0
3983013,0.8391,-0.0385,0.0115,0.5425,0.0449,-0.2018,-0.1353,0
3983179,0.8392,-0.0384,0.0115,0.5424,0.0426,-0.2101,-0.1565,0
3983346,0.8392,-0.0382,0.0114,0.5423,0.0454,-0.2140,-0.1617,0
3983513,0.8392,-0.0381,0.0114,0.5424,0.0713,-0.2291,-0.1587,0
3983679,0.8392,-0.0379,0.0113,0.5424,0.0569,-0.2183,-0.1351,0
3983846,0.8392,-0.0378,0.0113,0.5424,0.0429,-0.2147,-0.1536,0
3984013,0.8393,-0.0377,0.0113,0.5423,0.0566,-0.2211,-0.1549,0
3984179,0.8393,-0.0376,0.0112,0.5423,0.0624,-0.2240,-0.1298,0
3984346,0.8393,-0.0374,0.0112,0.5422,0.0441,-0.2263,-0.1254,0
3984513,0.8394,-0.0373,0.0111,0.5422,0.0417,-0.2312,-0.1397,0
3984679,0.8393,-0.0372,0.0111,0.5423,0.0492,-0.2337,-0.1475,0
3984846,0.8393,-0.0370,0.0110,0.5423,0.0506,-0.2441,-0.1652,0
3985013,0.8394,-0.0369,0.0110,0.5422,0.0537,-0.2347,-0.1210,0
3985179,0.8395,-0.0368,0.0110,0.5420,0.0515,-0.2485,-0.1424,0
3985346,0.8395,-0.0367,0.0109,0.5420,0.0529,-0.2491,-0.1459,0
3985513,0.8396,-0.0365,0.0109,0.5419,0.0682,-0.2489,-0.1430,0
3985679,0.8396,-0.0364,0.0108,0.5419,0.0408,-0.2504,-0.1620,0
3985846,0.8396,-0.0363,0.0108,0.5419,0.0561,-0.2575,-0.1403,0
3986013,0.8396,-0.0362,0.0107,0.5419,0.0536,-0.2607,-0.1397,0
3986179,0.8396,-0.0361,0.0107,0.5419,0.0533,-0.2597,-0.1357,0
3986346,0.8396,-0.0359,0.0106,0.5420,0.0614,-0.2666,-0.1456,0
3986513,0.8396,-0.0358,0.0106,0.5419,0.0563,-0.2663,-0.1432,0
3986679,0.8397,-0.0357,0.0106,0.5418,0.0533,-0.2668,-0.1594,0
3986846,0.8397,-0.0356,0.0105,0.5418,0.0714,-0.2632,-0.1533,0
3987013,0.8397,-0.0355,0.0105,0.5418,0.0638,-0.2563,-0.1411,0
3987179,0.8397,-0.0354,0.0105,0.5417,0.0694,-0.2618,-0.1270,0
3987346,0.8398,-0.0353,0.0104,0.5417,0.0617,-0.2711,-0.1396,0
3987513,0.8398,-0.0352,0.0104,0.5417,0.0577,-0.2597,-0.1559,0
3987679,0.8398,-0.0351,0.0103,0.5417,0.0452,-0.2701,-0.1424,0
3987846,0.8397,-0.0350,0.0103,0.5418,0.0533,-0.2723,-0.1480,0
3988013,0.8397,-0.0349,0.0103,0.5418,0.0637,-0.2759,-0.1568,0
3988179,0.8397,-0.0348,0.0102,0.5418,0.0714,-0.2745,-0.1477,0
3988346,0.8398,-0.0347,0.0102,0.5417,0.0620,-0.2824,-0.1481,0
3988513,0.8398,-0.0346,0.0102,0.5417,0.0688,-0.2769,-0.1598,0
3988679,0.8399,-0.0345,0.0101,0.5416,0.0599,-0.2888,-0.1340,0
3988846,0.8399,-0.0344,0.0101,0.5416,0.0645,-0.2842,-0.1459,0
3989013,0.8400,-0.0343,0.0101,0.5414,0.0609,-0.2899,-0.1490,0
3989179,0.8400,-0.0342,0.0100,0.5413,0.0597,-0.3069,-0.1366,0
3989346,0.8401,-0.0341,0.0100,0.5413,0.0681,-0.2965,-0.1224,0
3989513,0.8401,-0.0340,0.0100,0.5413,0.0526,-0.2995,-0.1258,0
3989679,0.8401,-0.0339,0.0100,0.5412,0.0662,-0.3088,-0.1191,0
3989846,0.8401,-0.0339,0.0099,0.5413,0.0529,-0.2958,-0.1546,0
3990013,0.8401,-0.0338,0.0099,0.5413,0.0744,-0.2973,-0.1327,0
3990179,0.8401,-0.0337,0.0099,0.5413,0.0825,-0.3127,-0.1705,0
3990346,0.8401,-0.0336,0.0098,0.5413,0.0779,-0.3054,-0.1481,0
3990513,0.8402,-0.0335,0.0098,0.5412,0.0642,-0.3131,-0.1422,0
3990679,0.8402,-0.0335,0.0098,0.5411,0.0608,-0.2945,-0.1362,0
3990846,0.8403,-0.0334,0.0098,0.5411,0.0864,-0.3123,-0.1479,0
3991013,0.8403,-0.0333,0.0097,0.5411,0.0687,-0.3207,-0.1566,0
3991179,0.8418,-0.0489,0.0155,0.5374,0.0023,-0.0084,-0.1600,0
3991346,0.8418,-0.0489,0.0155,0.5374,0.0181,-0.0127,-0.1326,0
3991513,0.8418,-0.0489,0.0155,0.5373,0.0081,-0.0018,-0.1348,0
3991679,0.8418,-0.0489,0.0155,0.5373,0.0085,-0.0093,-0.1609,0
3991846,0.8418,-0.0489,0.0155,0.5373,-0.0057,0.0120,-0.1394,0
3992013,0.8418,-0.0489,0.0156,0.5373,-0.0088,-0.0164,-0.1359,0
3992179,0.8418,-0.0489,0.0156,0.5373,-0.0072,-0.0102,-0.1595,0
3992346,0.8418,-0.0489,0.0155,0.5373,0.0097,0.0041,-0.1292,0
3992513,0.8417,-0.0489,0.0156,0.5374,-0.0007,-0.0020,-0.1574,0
3992679,0.8417,-0.0489,0.0156,0.5375,-0.0056,0.0049,-0.1347,0
3992846,0.8417,-0.0489,0.0156,0.5375,-0.0021,0.0159,-0.1303,0
3993013,0.8417,-0.0489,0.0156,0.5375,-0.0091,-0.0002,-0.1778,0
3993179,0.8417,-0.0489,0.0156,0.5375,-0.0127,0.0022,-0.1346,0
3993346,0.8417,-0.0489,0.0156,0.5375,0.0022,-0.0203,-0.1352,0
3993513,0.8417,-0.0489,0.0156,0.5376,0.0055,-0.0022,-0.1548,0
3993679,0.8416,-0.0489,0.0156,0.5376,0.0103,0.0098,-0.1407,0
3993846,0.8416,-0.0489,0.0156,0.5376,0.0075,0.0085,-0.1414,0
3994013,0.8416,-0.0489,0.0156,0.5376,-0.0013,0.0054,-0.1454,0
3994179,0.8416,-0.0489,0.0156,0.5376,-0.0246,-0.0205,-0.1656,0
3994346,0.8416,-0.0489,0.0156,0.5377,-0.0094,-0.0121,-0.1455,0
3994513,0.8416,-0.0489,0.0156,0.5377,-0.0006,0.0021,-0.1383,0
3994679,0.8415,-0.0489,0.0156,0.5377,0.0160,0.0074,-0.1203,0
3994846,0.8415,-0.0489,0.0156,0.5378,-0.0063,0.0170,-0.1646,0
3995013,0.8415,-0.0489,0.0156,0.5378,-0.0112,0.0067,-0.1359,0
3995179,0.8414,-0.0489,0.0156,0.5379,0.0047,-0.0036,-0.1311,0
3995346,0.8414,-0.0489,0.0156,0.5379,0.0071,-0.0105,-0.1464,0
3995513,0.8414,-0.0489,0.0156,0.5379,0.0037,-0.0080,-0.1556,0
3995679,0.8414,-0.0489,0.0156,0.5380,-0.0102,-0.0021,-0.1400,0
3995846,0.8414,-0.0489,0.0156,0.5380,-0.0111,0.0090,-0.1319,0
3996013,0.8414,-0.0489,0.0156,0.5380,0.0083,-0.0059,-0.1433,0
3996179,0.8414,-0.0489,0.0156,0.5380,-0.0030,0.0018,-0.1876,0
3996346,0.8413,-0.0489,0.0156,0.5381,-0.0238,-0.0004,-0.1213,0
3996513,0.8413,-0.0489,0.0156,0.5381,-0.0246,0.0085,-0.1628,0
3996679,0.8413,-0.0489,0.0156,0.5381,-0.0021,-0.0066,-0.1193,0
3996846,0.8413,-0.0489,0.0156,0.5381,0.0018,0.0002,-0.1594,0
3997013,0.8413,-0.0489,0.0156,0.5382,0.0180,-0.0047,-0.1192,0
3997179,0.8412,-0.0489,0.0156,0.5382,0.0079,-0.0035,-0.1581,0
3997346,0.8412,-0.0489,0.0156,0.5382,-0.0062,-0.0150,-0.1224,0
3997513,0.8412,-0.0489,0.0156,0.5383,-0.0231,-0.0000,-0.1732,0
3997679,0.8412,-0.0489,0.0156,0.5383,-0.0227,-0.0080,-0.1423,0
3997846,0.8412,-0.0489,0.0156,0.5383,-0.0112,-0.0051,-0.1628,0
3998013,0.8411,-0.0490,0.0156,0.5384,-0.0093,-0.0001,-0.1348,0
3998179,0.8411,-0.0490,0.0156,0.5384,0.0105,-0.0081,-0.1541,0
3998346,0.8411,-0.0490,0.0156,0.5385,0.0030,-0.0005,-0.1509,0
3998513,0.8411,-0.0490,0.0156,0.5385,0.0061,0.0030,-0.1446,0
3998680,0.8411,-0.0490,0.0156,0.5385,0.0001,0.0088,-0.1456,0
3998846,0.8410,-0.0490,0.0156,0.5385,0.0107,0.0162,-0.1547,0
3999013,0.8410,-0.0490,0.0156,0.5386,0.0196,0.0033,-0.1388,0
3999180,0.8410,-0.0490,0.0156,0.5385,-0.0360,-0.0180,-0.0830,0
3999346,0.8410,-0.0490,0.0156,0.5386,-0.0859,-0.0396,-0.2127,0
3999513,0.8410,-0.0490,0.0155,0.5386,-0.0548,-0.0233,-0.1279,0
3999680,0.8410,-0.0490,0.0155,0.5386,0.0283,0.0159,-0.1403,0
3999846,0.8410,-0.0490,0.0155,0.5387,0.0734,0.0341,-0.1702,0
4000013,0.8410,-0.0490,0.0155,0.5387,0.0569,0.0366,-0.1425,0
4000180,0.8409,-0.0490,0.0155,0.5387,-0.0058,-0.0222,-0.1683,0
4000346,0.8409,-0.0490,0.0155,0.5388,-0.0668,-0.0467,-0.1371,0
4000513,0.8409,-0.0490,0.0155,0.5388,-0.0952,-0.0396,-0.1522,0
4000680,0.8408,-0.0490,0.0155,0.5388,-0.0548,-0.0155,-0.1389,0
4000846,0.8408,-0.0490,0.0155,0.5389,0.0102,0.0294,-0.1141,0
4001013,0.8408,-0.0490,0.0155,0.5389,0.0766,0.0136,-0.1463,0
4001180,0.8408,-0.0490,0.0155,0.5390,0.0628,0.0111,-0.1515,0
4001346,0.8407,-0.0490,0.0155,0.5390,-0.0077,-0.0111,-0.1280,0
4001513,0.8407,-0.0490,0.0155,0.5391,-0.0540,-0.0195,-0.1206,0
4001680,0.8407,-0.0490,0.0155,0.5391,-0.0684,-0.0110,-0.1383,0
4001846,0.8407,-0.0490,0.0155,0.5391,-0.0282,-0.0115,-0.1266,0
4002013,0.8407,-0.0490,0.0155,0.5391,0.0298,0.0054,-0.1525,0
4002180,0.8406,-0.0490,0.0155,0.5392,0.0471,0.0071,-0.1474,0
4002346,0.8406,-0.0490,0.0155,0.5392,0.0270,0.0025,-0.1306,0
4002513,0.8406,-0.0490,0.0155,0.5392,-0.0132,0.0012,-0.1379,0
4002680,0.8406,-0.0491,0.0155,0.5393,-0.0139,-0.0334,-0.1494,0
4002846,0.8405,-0.0491,0.0155,0.5393,-0.0549,-0.0253,-0.1243,0
4003013,0.8405,-0.0491,0.0155,0.5393,-0.0235,-0.0030,-0.1566,0
4003180,0.8405,-0.0490,0.0154,0.5394,0.0065,-0.0458,-0.1265,0
4003346,0.8404,-0.0491,0.0154,0.5395,0.0702,-0.1564,-0.1421,0
4003513,0.8403,-0.0491,0.0154,0.5396,0.2521,0.1696,-0.1676,0
4003680,0.8404,-0.0492,0.0156,0.5395,-0.1330,0.0996,-0.1190,0
4003846,0.8405,-0.0491,0.0156,0.5394,0.0090,-0.0172,-0.1212,0
4004013,0.8406,-0.0490,0.0153,0.5392,0.1590,0.0513,-0.1796,0
4004180,0.8413,-0.0486,0.0147,0.5382,0.9518,0.9085,-0.0834,0
4004346,0.8420,-0.0489,0.0157,0.5370,-1.3682,-0.8074,-0.2234,0
4004513,0.8419,-0.0488,0.0155,0.5372,0.0704,-0.2226,-0.1159,0
4004680,0.8418,-0.0489,0.0157,0.5373,-0.0015,-0.0257,-0.1230,0
4004846,0.8418,-0.0489,0.0157,0.5373,-0.0089,0.0159,-0.1666,0
4005013,0.8418,-0.0489,0.0156,0.5374,-0.0054,-0.0330,-0.1212,0
4005180,0.8418,-0.0489,0.0156,0.5374,-0.0232,-0.0002,-0.1302,0
4005346,0.8418,-0.0489,0.0157,0.5374,0.0182,0.0359,-0.1678,0
4005513,0.8417,-0.0489,0.0154,0.5375,-0.0134,-0.0391,-0.2469,0
4005680,0.8417,-0.0490,0.0148,0.5375,0.0130,0.0066,-0.0405,0
4005846,0.8416,-0.0488,0.0145,0.5376,-0.1496,-0.0820,-0.1173,0
4006013,0.8415,-0.0486,0.0136,0.5379,-0.1456,-0.1182,-0.1321,0
4006180,0.8412,-0.0483,0.0120,0.5385,-0.2655,-0.3886,-0.1375,0
4006346,0.8402,-0.0478,0.0101,0.5401,-0.5520,-1.2860,-0.0515,0
4006513,0.8381,-0.0465,0.0056,0.5436,-0.1458,0.0966,-0.2027,0
4006680,0.8339,-0.0466,0.0029,0.5499,-1.1806,0.6743,-0.4255,0
4006846,0.8282,-0.0472,0.0022,0.5585,-0.2471,-0.4669,-0.0949,0
4007013,0.8222,-0.0476,0.0023,0.5672,0.1784,0.0006,-0.1610,0
4007180,0.8167,-0.0480,0.0026,0.5750,0.4793,0.0202,-0.0919,0
4007346,0.8120,-0.0478,0.0026,0.5817,0.1340,0.2875,-0.0634,0
4007513,0.8082,-0.0465,0.0015,0.5870,0.3605,0.1478,0.2138,0
4007680,0.8054,-0.0437,-0.0021,0.5911,0.4379,0.2989,0.5025,0
4007846,0.8038,-0.0387,-0.0088,0.5936,0.4879,-0.0763,0.9865,0
4008013,0.8037,-0.0306,-0.0196,0.5939,0.4744,0.0444,0.8380,0
4008180,0.8044,-0.0204,-0.0334,0.5928,0.0767,-0.1945,0.3511,0
4008346,0.8053,-0.0087,-0.0490,0.5908,-0.0346,-0.1760,0.2604,0
4008513,0.8060,0.0042,-0.0663,0.5882,0.1210,-0.2584,0.0694,0
4008680,0.8063,0.0173,-0.0833,0.5853,-0.1084,0.1112,-0.3257,0
4008846,0.8058,0.0279,-0.0973,0.5835,-0.0533,0.3508,-1.2050,0
4009013,0.8048,0.0359,-0.1067,0.5828,0.0432,0.1763,-0.8489,0
4009180,0.8038,0.0426,-0.1136,0.5824,-0.1868,0.0920,-0.3618,0
4009346,0.8027,0.0489,-0.1214,0.5818,-0.0751,-0.1014,0.0580,0
4009513,0.8014,0.0561,-0.1305,0.5810,-0.0992,-0.2358,0.2478,0
4009680,0.7997,0.0642,-0.1402,0.5802,-0.0059,-0.0676,-0.0173,0
4009846,0.7979,0.0725,-0.1503,0.5793,-0.0787,-0.1324,-0.1215,0
4010013,0.7957,0.0808,-0.1606,0.5784,-0.1426,-0.0975,-0.2507,0
4010180,0.7931,0.0891,-0.1712,0.5777,-0.0798,-0.0528,-0.0664,0
4010346,0.7898,0.0977,-0.1813,0.5778,-0.0581,0.3024,-0.4257,0
4010513,0.7868,0.1050,-0.1895,0.5779,0.2284,0.2789,-0.4926,0
4010680,0.7843,0.1118,-0.1976,0.5773,0.3181,0.1450,-0.1084,0
4010846,0.7823,0.1186,-0.2063,0.5757,0.1329,0.0153,0.0016,0
4011013,0.7799,0.1263,-0.2165,0.5735,0.1659,-0.0557,0.2281,0
4011180,0.7770,0.1355,-0.2285,0.5707,-0.0569,-0.4113,0.2863,0
4011346,0.7732,0.1464,-0.2430,0.5672,-0.2764,-0.5278,0.1926,0
4011513,0.7684,0.1589,-0.2590,0.5633,-0.0999,-0.4935,0.3393,0
4011680,0.7625,0.1725,-0.2768,0.5588,-0.3721,-0.6113,0.0373,0
4011846,0.7555,0.1870,-0.2957,0.5538,-0.1232,0.0304,-0.4053,0
4012013,0.7484,0.2007,-0.3138,0.5488,-0.0421,0.1446,-0.5272,0
4012180,0.7411,0.2136,-0.3309,0.5437,0.1397,0.2151,-0.3811,0
4012346,0.7335,0.2263,-0.3479,0.5383,0.0914,-0.0903,-0.2417,0
4012513,0.7248,0.2398,-0.3663,0.5320,0.0354,-0.4254,-0.0596,0
4012680,0.7145,0.2546,-0.3866,0.5246,-0.1393,-0.5385,-0.1278,0
4012846,0.7027,0.2704,-0.4087,0.5158,-0.1874,-0.4459,-0.2987,0
4013013,0.6892,0.2870,-0.4323,0.5057,-0.2274,-0.1988,-0.4907,0
4013180,0.6741,0.3040,-0.4568,0.4944,-0.4664,0.0502,-0.6783,0
4013346,0.6575,0.3210,-0.4823,0.4817,-0.1402,0.1939,-0.6755,0
4013513,0.6394,0.3380,-0.5085,0.4673,0.1307,0.4115,-0.7025,0
4013680,0.6213,0.3544,-0.5334,0.4515,0.9642,1.3347,1.2768,0
4013846,0.6053,0.3688,-0.5555,0.4347,0.9232,1.3540,-0.5565,0
4014013,0.5901,0.3812,-0.5756,0.4185,-0.0893,1.0762,-0.7187,0
4014180,-0.5750,-0.3919,0.5946,-0.4027,-0.1198,0.8656,-0.9215,0
4014346,-0.5618,-0.3994,0.6114,-0.3886,0.5752,1.4872,0.1738,0
4014513,-0.5509,-0.4045,0.6251,-0.3769,0.1424,0.8235,-0.6799,0
4014680,-0.5466,-0.4056,0.6324,-0.3699,1.0604,1.3808,1.3999,0
4014846,-0.5471,-0.4042,0.6349,-0.3663,0.2054,0.4577,-0.3229,0
4015013,-0.5482,-0.4026,0.6361,-0.3642,-0.0777,0.0796,0.1379,0
4015180,-0.5485,-0.4022,0.6368,-0.3631,-0.0751,-0.3122,0.0027,0
4015347,-0.5484,-0.4024,0.6366,-0.3633,0.0180,0.5922,-0.1441,0
4015513,-0.5491,-0.4019,0.6360,-0.3639,0.3082,0.2263,0.2853,0
4015680,-0.5496,-0.4017,0.6355,-0.3642,-0.0374,0.1641,-0.1805,0
4015847,-0.5500,-0.4013,0.6353,-0.3645,0.1387,0.1186,0.2457,0
4016013,-0.5505,-0.4011,0.6348,-0.3648,0.0381,0.3179,-0.0549,0
4016180,-0.5511,-0.4007,0.6343,-0.3652,0.1193,0.2002,0.0466,0
4016347,-0.5518,-0.4002,0.6337,-0.3657,0.1460,0.3229,0.0483,0
4016513,-0.5529,-0.3993,0.6328,-0.3666,0.2082,0.6041,-0.0919,0
4016680,-0.5547,-0.3981,0.6313,-0.3679,0.1703,0.0867,0.2679,0
4016847,-0.5567,-0.3967,0.6294,-0.3694,-0.0084,0.2893,-0.0449,0
4017013,-0.5584,-0.3958,0.6280,-0.3703,0.0989,0.0035,0.1675,0
4017180,-0.5596,-0.3950,0.6268,-0.3714,-0.2094,0.0313,-0.4788,0
4017347,-0.5603,-0.3945,0.6263,-0.3718,0.1907,-0.0531,0.4269,0
4017513,-0.5610,-0.3941,0.6256,-0.3723,0.0614,0.3909,-0.0578,0
4017680,-0.5620,-0.3934,0.6245,-0.3734,0.0667,0.3141,-0.0603,0
4017847,-0.5642,-0.3918,0.6223,-0.3755,0.4645,0.9829,0.0427,0
4018013,-0.5696,-0.3877,0.6172,-0.3799,0.6470,1.9793,0.0284,0
4018180,-0.5790,-0.3806,0.6084,-0.3870,0.4712,1.4294,-0.1512,0
4018347,0.5917,0.3710,-0.5954,0.3973,0.3655,0.6005,-0.0627,0
4018513,0.6072,0.3593,-0.5775,0.4108,0.0739,0.3712,-0.3266,0
4018680,0.6254,0.3450,-0.5537,0.4280,0.0569,0.4919,-0.2829,0
4018847,0.6449,0.3289,-0.5255,0.4469,0.5043,0.5746,-0.1398,0
4019013,0.6643,0.3122,-0.4955,0.4645,0.5214,0.4653,0.7085,0
4019180,0.6810,0.2967,-0.4678,0.4788,-0.0101,-0.9175,-0.7658,0
4019347,0.6938,0.2838,-0.4443,0.4906,-0.5059,-1.1452,-0.2659,0
4019513,0.7034,0.2732,-0.4251,0.4999,-0.7627,-0.7358,0.0354,0
4019680,0.7094,0.2661,-0.4124,0.5058,-0.7892,-1.0838,0.3120,0
4019847,0.7117,0.2631,-0.4073,0.5083,-0.3668,-0.9087,0.2760,0
4020013,0.7121,0.2624,-0.4067,0.5086,0.0125,-0.1181,0.0411,0
4020180,0.7125,0.2618,-0.4060,0.5089,0.2293,0.4192,-0.1192,0
4020347,0.7138,0.2600,-0.4035,0.5099,0.2364,0.6107,-0.3390,0
4020513,0.7161,0.2570,-0.3988,0.5119,0.1282,0.4835,-0.2110,0
4020680,0.7188,0.2533,-0.3933,0.5142,0.0753,0.4138,-0.2390,0
4020847,0.7216,0.2494,-0.3877,0.5165,-0.0102,0.2011,-0.1949,0
4021013,0.7244,0.2452,-0.3818,0.5189,0.0994,0.3032,-0.2042,0
4021180,0.7277,0.2404,-0.3749,0.5217,0.0592,0.3191,-0.2515,0
4021347,0.7313,0.2348,-0.3670,0.5247,0.2223,0.5788,-0.2220,0
4021513,0.7354,0.2287,-0.3586,0.5276,0.1350,0.2547,-0.1559,0
4021680,0.7391,0.2229,-0.3509,0.5300,0.0579,-0.1111,-0.0474,0
4021847,0.7425,0.2173,-0.3437,0.5323,-0.0130,0.1607,-0.3974,0
4022013,0.7468,0.2100,-0.3344,0.5352,0.3625,0.9478,-0.5785,0
4022180,0.7522,0.2004,-0.3217,0.5389,0.2964,0.8858,-0.7908,0
4022347,0.7581,0.1895,-0.3075,0.5430,-0.0423,0.0383,-0.2876,0
4022513,0.7632,0.1793,-0.2939,0.5468,-0.1428,-0.4791,0.1675,0
4022680,0.7675,0.1704,-0.2824,0.5497,-0.1233,-0.3999,0.2020,0
4022847,0.7713,0.1620,-0.2716,0.5523,0.0520,0.1488,-0.2872,0
4023013,0.7752,0.1532,-0.2598,0.5551,0.0747,0.2258,-0.3648,0
4023180,0.7787,0.1439,-0.2474,0.5582,-0.1418,-0.1078,-0.1667,0
4023347,0.7815,0.1350,-0.2351,0.5620,-0.2608,-0.1612,-0.2343,0
4023513,0.7834,0.1261,-0.2226,0.5665,-0.2624,-0.1824,-0.1836,0
4023680,0.9706,-0.0308,-0.2388,-0.0076,-0.2602,0.2336,-0.1451,0
4023847,0.9740,-0.0303,-0.2245,-0.0031,-0.4573,0.0104,0.2839,0
4024013,0.9768,-0.0291,-0.2123,0.0015,-0.1719,-0.0758,0.2034,0
4024180,0.9790,-0.0285,-0.2016,0.0051,0.1078,-0.1536,0.1571,0
4024347,0.9813,-0.0291,-0.1899,0.0067,1.2210,-0.2535,-1.3774,0
4024513,0.9847,-0.0305,-0.1716,0.0065,0.8075,-0.0551,-1.2418,0
4024680,0.9880,-0.0308,-0.1509,0.0067,-0.3559,-0.2327,0.2529,0
4024847,0.9907,-0.0307,-0.1323,0.0069,-0.4765,-0.0356,0.3261,0
4025013,0.9925,-0.0314,-0.1178,0.0069,-0.6514,0.0246,0.7259,0
4025180,0.9934,-0.0326,-0.1095,0.0068,-0.5722,0.0770,1.0255,0
4025347,0.9938,-0.0333,-0.1062,0.0065,-0.3909,-0.0082,0.8572,0
4025513,0.9939,-0.0332,-0.1053,0.0064,-0.0972,-0.0476,0.1017,0
4025680,0.9940,-0.0330,-0.1043,0.0063,0.0395,0.0354,-0.2092,0
4025847,0.9941,-0.0329,-0.1034,0.0062,0.0232,-0.0023,-0.1363,0
4026013,0.9942,-0.0328,-0.1025,0.0062,0.0673,-0.0028,-0.1585,0
4026180,0.9943,-0.0327,-0.1017,0.0061,0.0412,-0.0069,-0.0994,0
4026347,0.9943,-0.0326,-0.1009,0.0061,0.0091,0.0017,-0.1382,0
4026513,0.9944,-0.0325,-0.1003,0.0060,0.0137,-0.0194,-0.1116,0
4026680,0.9945,-0.0324,-0.0998,0.0059,0.0003,-0.0043,-0.1057,0
4026847,0.9945,-0.0323,-0.0995,0.0059,0.0507,0.0197,-0.1465,0
4027013,0.9945,-0.0323,-0.0994,0.0058,0.0181,-0.0110,-0.1129,0
4027180,0.9945,-0.0323,-0.0992,0.0057,0.0548,-0.0133,-0.1454,0
4027347,0.9946,-0.0322,-0.0988,0.0056,0.1227,0.0082,-0.1753,0
4027513,0.9946,-0.0320,-0.0982,0.0055,0.0300,-0.0043,-0.1173,0
4027680,0.9947,-0.0320,-0.0978,0.0054,-0.0071,0.0194,-0.1296,0
4027847,0.9947,-0.0320,-0.0976,0.0053,-0.0004,-0.0053,-0.1505,0
4028013,0.9947,-0.0320,-0.0974,0.0053,0.0169,-0.0345,-0.1183,0
4028180,0.9948,-0.0318,-0.0971,0.0052,0.1011,-0.0012,-0.2027,0
4028347,0.9948,-0.0316,-0.0965,0.0051,0.0291,-0.0174,-0.1592,0
4028513,0.9949,-0.0315,-0.0960,0.0050,0.0110,-0.0118,-0.1389,0
4028680,0.9950,-0.0315,-0.0950,0.0049,0.2112,-0.0315,-0.3631,0
4028847,0.9951,-0.0312,-0.0933,0.0048,-0.0151,-0.0231,-0.0330,0
4029013,0.9952,-0.0309,-0.0922,0.0047,-0.0587,0.0304,-0.0533,0
4029180,0.9953,-0.0308,-0.0920,0.0046,-0.0670,0.0140,-0.0529,0
4029347,0.9953,-0.0309,-0.0920,0.0046,0.0791,-0.0087,-0.2053,0
4029513,0.9953,-0.0308,-0.0917,0.0045,0.0190,-0.0156,-0.1343,0
4029680,0.9953,-0.0307,-0.0914,0.0044,0.0196,0.0135,-0.1164,0
4029847,0.9953,-0.0307,-0.0914,0.0044,-0.0242,0.0010,-0.1037,0
4030013,0.9953,-0.0308,-0.0916,0.0044,0.0319,0.0026,-0.1260,0
4030180,0.9953,-0.0308,-0.0918,0.0043,0.0615,-0.0085,-0.1641,0
4030347,0.9953,-0.0308,-0.0920,0.0043,0.0121,0.0002,-0.1378,0
4030513,0.9952,-0.0309,-0.0923,0.0042,0.0254,-0.0021,-0.1523,0
4030680,0.9952,-0.0309,-0.0924,0.0042,0.0594,-0.0159,-0.1720,0
4030847,0.9952,-0.0309,-0.0924,0.0041,0.0169,-0.0023,-0.1155,0
4031013,0.9952,-0.0309,-0.0925,0.0041,0.0253,-0.0022,-0.1157,0
4031180,0.9952,-0.0309,-0.0925,0.0040,0.0961,0.0066,-0.1656,0
4031347,0.9952,-0.0308,-0.0924,0.0039,-0.0026,-0.0208,-0.1484,0
4031513,0.9953,-0.0308,-0.0923,0.0038,0.0082,0.0128,-0.1591,0
4031680,0.9953,-0.0308,-0.0922,0.0038,0.0308,0.0002,-0.1648,0
4031847,0.9953,-0.0308,-0.0922,0.0037,-0.0077,-0.0018,-0.0941,0
4032014,0.9952,-0.0309,-0.0925,0.0037,0.0404,0.0156,-0.1524,0
4032180,0.9952,-0.0309,-0.0925,0.0036,0.0536,0.0007,-0.1776,0
4032347,0.9952,-0.0309,-0.0924,0.0035,0.0302,-0.0040,-0.1617,0
4032514,0.9952,-0.0309,-0.0925,0.0034,0.0697,0.0072,-0.1196,0
4032680,0.9952,-0.0309,-0.0925,0.0034,-0.0092,-0.0291,-0.1514,0
4032847,0.9952,-0.0309,-0.0924,0.0033,0.0680,0.0104,-0.1554,0
4033014,0.9952,-0.0308,-0.0924,0.0032,0.0054,-0.0116,-0.1483,0
4033180,0.9952,-0.0309,-0.0924,0.0032,0.0240,-0.0038,-0.1443,0
4033347,0.9952,-0.0308,-0.0923,0.0031,0.0229,0.0013,-0.1589,0
4033514,0.9952,-0.0308,-0.0924,0.0031,-0.0018,-0.0168,-0.1176,0
4033680,0.9952,-0.0309,-0.0927,0.0031,0.0093,0.0102,-0.1013,0
4033847,0.9952,-0.0309,-0.0933,0.0030,-0.0049,-0.0012,-0.1225,0
4034014,0.9951,-0.0310,-0.0940,0.0029,0.0633,0.0100,-0.1256,0
4034180,0.9950,-0.0311,-0.0948,0.0029,-0.0719,-0.0072,-0.1303,0
4034347,0.9949,-0.0312,-0.0960,0.0029,0.0110,0.0247,-0.1109,0
4034514,0.9947,-0.0314,-0.0976,0.0029,-0.0961,0.0068,-0.0256,0
4034680,0.9944,-0.0313,-0.1007,0.0031,-0.1869,0.0209,0.4132,0
4034847,0.9939,-0.0309,-0.1060,0.0033,-0.2295,0.0161,0.3485,0
4035014,0.9931,-0.0304,-0.1130,0.0034,-0.1050,0.0454,0.0975,0
4035180,0.9922,-0.0300,-0.1213,0.0035,-0.1694,-0.0418,0.1787,0
4035347,0.9909,-0.0295,-0.1311,0.0037,-0.1773,0.0209,0.1621,0
4035514,0.9894,-0.0289,-0.1421,0.0038,-0.0882,-0.0044,0.0070,0
4035680,0.9878,-0.0282,-0.1528,0.0040,0.1061,-0.0158,-0.3242,0
4035847,0.9863,-0.0275,-0.1623,0.0043,0.1702,-0.0031,-0.4438,0
4036014,0.9849,-0.0269,-0.1708,0.0048,0.0334,0.0884,-0.2955,0
4036180,0.9835,-0.0262,-0.1790,0.0056,0.0175,-0.0018,-0.1895,0
4036347,0.9819,-0.0255,-0.1875,0.0066,-0.1446,0.0656,0.0303,0
4036514,0.9800,-0.0248,-0.1973,0.0079,-0.2250,0.1622,-0.0362,0
4036680,0.9779,-0.0242,-0.2076,0.0101,-0.2956,0.1969,-0.0137,0
4036847,0.9755,-0.0230,-0.2185,0.0132,-0.1287,0.0448,-0.0887,0
4037014,0.9730,-0.0217,-0.2292,0.0167,0.0879,0.0252,-0.2418,0
4037180,0.9704,-0.0204,-0.2397,0.0201,0.0982,-0.0431,-0.1710,0
4037347,0.9678,-0.0190,-0.2498,0.0232,0.1477,-0.1109,-0.1642,0
4037514,0.9650,-0.0177,-0.2604,0.0259,-0.0834,-0.0779,0.0526,0
4037680,0.9616,-0.0164,-0.2726,0.0283,-0.2367,-0.0757,0.1713,0
4037847,0.9575,-0.0152,-0.2866,0.0300,-0.1669,-0.1860,0.1421,0
4038014,0.9528,-0.0142,-0.3018,0.0309,0.0584,-0.1744,-0.0467,0
4038180,0.9474,-0.0135,-0.3182,0.0309,-0.1987,-0.0446,0.0338,0
4038347,0.9414,-0.0128,-0.3356,0.0309,-0.0813,-0.0325,-0.1235,0
4038514,0.9351,-0.0119,-0.3527,0.0309,0.1302,0.0105,-0.3202,0
4038680,0.9287,-0.0110,-0.3693,0.0310,0.1306,0.0097,-0.2839,0
4038847,0.9222,-0.0102,-0.3854,0.0310,0.0161,0.0345,-0.2246,0
4039014,0.9150,-0.0094,-0.4021,0.0311,-0.2712,0.0278,-0.0650,0
4039180,0.9067,-0.0086,-0.4205,0.0313,-0.3377,0.1124,-0.0288,0
4039347,0.8973,-0.0079,-0.4402,0.0312,-0.0285,-0.3232,-0.1510,0
4039514,0.8873,-0.0072,-0.4602,0.0310,-0.0071,0.2752,-0.3792,0
4039680,0.8768,-0.0067,-0.4797,0.0309,0.1718,-0.1474,-0.3055,0
4039847,0.8662,-0.0062,-0.4988,0.0306,0.2105,-0.0406,-0.3651,0
4040014,0.8552,-0.0059,-0.5173,0.0302,0.3749,0.0574,-0.3277,0
4040180,0.8439,-0.0058,-0.5357,0.0296,0.3931,0.0312,-0.3678,0
4040347,0.8319,-0.0061,-0.5541,0.0287,0.3116,0.1374,-0.3858,0
4040514,0.8197,-0.0067,-0.5721,0.0277,0.4525,0.2646,-0.2873,0
4040680,0.8070,-0.0076,-0.5900,0.0263,0.4985,0.1809,-0.3924,0
4040847,0.7937,-0.0090,-0.6077,0.0247,0.4065,0.1553,-0.4936,0
4041014,0.7810,-0.0106,-0.6241,0.0228,1.0493,-0.4712,0.9067,0
4041180,0.7717,-0.0107,-0.6356,0.0208,0.7932,-0.0871,-0.0634,0
4041347,0.7649,-0.0108,-0.6438,0.0193,0.7109,-0.0854,-0.2098,0
4041514,0.7598,-0.0108,-0.6499,0.0182,0.4662,0.0782,-0.1440,0
4041680,0.7568,-0.0104,-0.6533,0.0180,0.2370,0.0011,-0.1140,0
4041847,0.7546,-0.0101,-0.6558,0.0178,0.5061,0.0813,-0.0975,0
4042014,0.7532,-0.0099,-0.6574,0.0177,0.3847,-0.0262,-0.0233,0
4042180,0.7523,-0.0098,-0.6585,0.0176,0.1884,0.0872,-0.0603,0
4042347,0.7510,-0.0096,-0.6600,0.0176,-0.0242,-0.0350,0.0208,0
4042514,0.7491,-0.0094,-0.6621,0.0174,-0.0297,-0.0120,-0.0003,0
4042680,0.7468,-0.0092,-0.6647,0.0173,0.0774,0.0007,0.0040,0
4042847,0.7442,-0.0089,-0.6677,0.0172,0.0316,-0.0129,0.0240,0
4043014,0.7411,-0.0086,-0.6712,0.0169,0.0990,-0.0240,-0.0079,0
4043180,0.7380,-0.0083,-0.6745,0.0167,0.3521,-0.0048,0.0016,0
4043347,0.7358,-0.0080,-0.6770,0.0165,0.5510,0.0291,-0.0721,0
4043514,0.7347,-0.0079,-0.6782,0.0164,0.6361,0.0543,-0.0793,0
4043680,0.7348,-0.0080,-0.6780,0.0164,0.5822,0.0441,-0.0440,0
4043847,0.7359,-0.0081,-0.6768,0.0165,0.4862,0.0253,-0.0491,0
4044014,0.7378,-0.0083,-0.6748,0.0166,0.3947,0.0192,-0.0619,0
4044180,0.7403,-0.0086,-0.6720,0.0168,0.4433,0.0044,-0.0409,0
4044347,0.7435,-0.0090,-0.6684,0.0169,0.4808,0.0377,-0.0856,0
4044514,0.7479,-0.0095,-0.6636,0.0172,0.6200,0.0593,-0.1227,0
4044680,0.7535,-0.0102,-0.6572,0.0176,0.6756,0.0219,-0.1274,0
4044847,0.7605,-0.0110,-0.6490,0.0180,0.6534,0.0298,-0.1570,0
4045014,0.7685,-0.0121,-0.6394,0.0186,0.7197,-0.0906,-0.2469,0
4045180,0.7778,-0.0132,-0.6281,0.0192,0.4719,0.1785,-0.2884,0
4045347,0.7877,-0.0144,-0.6156,0.0197,0.6413,-0.1216,0.7157,0
4045514,0.7972,-0.0148,-0.6033,0.0194,-0.2373,-0.1904,0.0681,0
4045680,0.8062,-0.0153,-0.5912,0.0191,0.2019,0.1095,-0.2226,0
4045847,0.8151,-0.0156,-0.5788,0.0189,0.1503,0.0006,-0.1412,0
4046014,0.8237,-0.0160,-0.5664,0.0187,0.1101,-0.0211,-0.1523,0
4046180,0.8321,-0.0163,-0.5540,0.0184,0.2856,-0.0151,-0.1814,0
4046347,0.8409,-0.0167,-0.5406,0.0181,0.3808,0.0109,-0.2250,0
4046514,0.8502,-0.0170,-0.5259,0.0179,0.3999,0.0199,-0.2825,0
4046680,0.8596,-0.0173,-0.5103,0.0175,0.1817,-0.0144,-0.2427,0
4046847,0.8691,-0.0177,-0.4941,0.0172,0.2560,-0.0011,-0.3363,0
4047014,0.8785,-0.0182,-0.4770,0.0170,0.2644,0.0277,-0.3474,0
4047180,0.8884,-0.0187,-0.4584,0.0167,0.4995,-0.0101,-0.5147,0
4047347,0.8989,-0.0192,-0.4375,0.0165,0.5532,-0.0004,-0.5930,0
4047514,0.9097,-0.0198,-0.4145,0.0162,0.3125,0.0099,-0.5618,0
4047680,0.9203,-0.0203,-0.3903,0.0163,-0.1296,0.0462,-0.4514,0
4047847,0.9301,-0.0207,-0.3662,0.0171,-0.5216,0.1316,-0.2606,0
4048014,0.9389,-0.0208,-0.3430,0.0190,-0.6575,0.2288,-0.1630,0
4048180,0.9468,-0.0201,-0.3205,0.0226,-0.6326,0.1789,-0.1020,0
4048347,0.9535,-0.0191,-0.2996,0.0274,-0.7863,0.1638,0.2148,0
4048514,0.9588,-0.0184,-0.2818,0.0327,-0.6332,0.0736,0.3010,0
4048681,0.9628,-0.0180,-0.2670,0.0374,-0.3660,-0.1892,0.4323,0
4048847,0.9659,-0.0176,-0.2550,0.0409,-0.0417,-0.1836,0.3032,0
4049014,0.9684,-0.0177,-0.2453,0.0426,0.0380,-0.2501,0.2749,0
4049181,0.9703,-0.0182,-0.2375,0.0429,-0.0004,-0.1838,0.2019,0
4049347,0.9719,-0.0189,-0.2309,0.0428,0.0049,0.0454,-0.1884,0
4049514,0.9737,-0.0194,-0.2231,0.0428,0.2393,0.0136,-0.3956,0
4049681,0.9756,-0.0196,-0.2145,0.0429,-0.0837,0.0048,0.0082,0
4049847,0.9770,-0.0198,-0.2078,0.0430,-0.3577,-0.0166,0.3113,0
4050014,0.9780,-0.0202,-0.2029,0.0433,-0.1305,0.0247,0.0303,0
4050181,0.9790,-0.0203,-0.1983,0.0437,0.0288,0.0337,-0.1334,0
4050347,0.9799,-0.0207,-0.1937,0.0441,0.0912,-0.0327,-0.2113,0
4050514,0.9809,-0.0213,-0.1885,0.0441,0.2623,-0.0222,-0.3855,0
4050681,0.9821,-0.0221,-0.1816,0.0442,0.1999,0.0654,-0.7029,0
4050847,0.9838,-0.0233,-0.1722,0.0444,0.4420,0.0296,-0.6083,0
4051014,0.9856,-0.0244,-0.1610,0.0449,-0.1049,0.0952,-0.2720,0
4051181,0.9872,-0.0256,-0.1502,0.0462,-0.3559,0.0815,0.0705,0
4051347,0.9886,-0.0265,-0.1405,0.0480,-0.2189,0.0628,0.0695,0
4051514,0.9896,-0.0272,-0.1323,0.0496,-0.0505,-0.1578,0.2485,0
4051681,0.9903,-0.0277,-0.1265,0.0504,-0.2127,-0.2048,0.5703,0
4051847,0.9907,-0.0281,-0.1234,0.0505,-0.1074,-0.0646,0.2620,0
4052014,0.9910,-0.0284,-0.1211,0.0504,0.0889,0.0277,-0.1713,0
4052181,0.9913,-0.0286,-0.1181,0.0503,0.1339,0.0311,-0.2949,0
4052347,0.9917,-0.0289,-0.1148,0.0502,-0.0091,-0.0587,-0.1509,0
4052514,0.9920,-0.0293,-0.1119,0.0500,-0.0077,-0.0117,-0.0513,0
4052681,0.9925,-0.0298,-0.1073,0.0496,0.5608,-0.1291,-1.0161,0
4052847,0.9936,-0.0309,-0.0972,0.0491,0.6160,0.1032,-1.1277,0
4053014,0.9948,-0.0314,-0.0841,0.0487,-0.0374,-0.0049,0.1037,0
4053181,0.9954,-0.0314,-0.0759,0.0484,-0.9596,-0.0716,1.7100,0
4053347,0.9955,-0.0316,-0.0752,0.0481,-0.6447,0.0617,0.3199,0
4053514,0.9955,-0.0321,-0.0752,0.0479,0.2918,-0.0470,-0.3664,0
4053681,0.9957,-0.0316,-0.0722,0.0477,0.4354,0.0004,-0.6086,0
4053847,0.9961,-0.0312,-0.0680,0.0475,-0.1762,-0.0086,-0.0795,0
4054014,0.9962,-0.0311,-0.0656,0.0473,-0.2918,0.0097,0.1615,0
4054181,0.9963,-0.0314,-0.0646,0.0472,-0.0225,0.0112,-0.1450,0
4054347,0.9964,-0.0316,-0.0628,0.0474,-0.0705,-0.1158,-0.3491,0
4054514,0.9965,-0.0316,-0.0614,0.0473,0.0549,0.0968,0.0731,0
4054681,0.9966,-0.0317,-0.0602,0.0473,0.0447,-0.0189,-0.1476,0
4054847,0.9967,-0.0315,-0.0584,0.0472,0.1226,0.0142,-0.1577,0
4055014,0.9968,-0.0314,-0.0565,0.0471,-0.1359,-0.0310,-0.0935,0
4055181,0.9969,-0.0314,-0.0551,0.0471,-0.0729,0.0123,-0.0721,0
4055347,0.9969,-0.0313,-0.0540,0.0471,0.0703,0.0046,-0.2118,0
4055514,0.9970,-0.0313,-0.0529,0.0470,-0.0791,-0.0516,-0.0511,0
4055681,0.9971,-0.0316,-0.0518,0.0468,0.2477,0.0411,-0.5322,0
4055847,0.9973,-0.0327,-0.0453,0.0467,0.5089,0.0749,-1.1897,0
4056014,0.9977,-0.0324,-0.0385,0.0464,-0.3248,-0.2346,0.6016,0
4056181,0.9978,-0.0326,-0.0352,0.0463,-0.4443,0.1141,0.5068,0
4056347,0.9978,-0.0330,-0.0349,0.0461,-0.0364,-0.0024,-0.0118,0
4056514,0.9978,-0.0329,-0.0334,0.0460,0.1380,-0.0585,-0.3438,0
4056681,0.9979,-0.0325,-0.0311,0.0460,-0.0737,0.0163,-0.0834,0
4056847,0.9980,-0.0326,-0.0301,0.0459,-0.1397,0.0341,0.0058,0
4057014,0.9980,-0.0328,-0.0297,0.0458,-0.0466,-0.0481,-0.1526,0
4057181,0.9980,-0.0328,-0.0289,0.0458,0.0231,-0.0290,-0.1605,0
4057347,0.9980,-0.0328,-0.0283,0.0457,-0.0826,-0.0007,-0.0875,0
4057514,0.9980,-0.0330,-0.0280,0.0457,-0.0208,0.0033,-0.1891,0
4057681,0.9980,-0.0331,-0.0274,0.0457,-0.0422,-0.0164,-0.1695,0
4057847,0.9981,-0.0331,-0.0266,0.0457,0.0056,0.0073,-0.1012,0
4058014,0.9981,-0.0332,-0.0258,0.0456,0.0121,0.0074,-0.2534,0
4058181,0.9981,-0.0332,-0.0246,0.0457,-0.2341,-0.1406,-0.1772,0
4058347,0.9981,-0.0333,-0.0232,0.0459,-0.0612,0.1045,-0.1247,0
4058514,0.9981,-0.0335,-0.0220,0.0462,-0.0359,-0.0253,-0.2155,0
4058681,0.9981,-0.0337,-0.0208,0.0464,0.0422,-0.0025,-0.0652,0
4058847,0.9981,-0.0338,-0.0196,0.0469,-0.1203,-0.0541,-0.1749,0
4059014,0.9981,-0.0338,-0.0183,0.0474,-0.0400,0.0277,-0.1213,0
4059181,0.9981,-0.0339,-0.0170,0.0479,-0.0226,-0.0212,-0.1701,0
4059347,0.9981,-0.0340,-0.0156,0.0483,0.1029,-0.0128,-0.1552,0
4059514,0.9981,-0.0339,-0.0138,0.0486,0.0071,-0.0084,-0.2281,0
4059681,0.9982,-0.0341,-0.0118,0.0488,0.1369,0.0428,-0.2454,0
4059847,0.9982,-0.0341,-0.0094,0.0488,0.0769,-0.0029,-0.1234,0
4060014,0.9982,-0.0342,-0.0073,0.0488,-0.1034,-0.0048,-0.0247,0
4060181,0.9982,-0.0344,-0.0059,0.0487,-0.0381,0.0184,-0.0781,0
4060347,0.9982,-0.0345,-0.0049,0.0487,-0.0870,-0.0511,-0.0234,0
4060514,0.9982,-0.0345,-0.0044,0.0488,-0.0496,0.0078,-0.0944,0
4060681,0.9982,-0.0346,-0.0042,0.0488,-0.0611,-0.0278,-0.0621,0
4060847,0.9982,-0.0346,-0.0040,0.0488,0.0153,0.0115,-0.1411,0
4061014,0.9982,-0.0345,-0.0036,0.0488,-0.0027,-0.0057,-0.1975,0
4061181,0.9982,-0.0345,-0.0031,0.0487,-0.0388,-0.0338,-0.1077,0
4061347,0.9982,-0.0344,-0.0025,0.0487,-0.0377,-0.0008,-0.2042,0
4061514,0.9982,-0.0343,-0.0017,0.0487,-0.0601,-0.0356,-0.1039,0
4061681,0.9982,-0.0342,-0.0011,0.0487,-0.0402,-0.0044,-0.1468,0
4061847,0.9982,-0.0341,-0.0005,0.0487,-0.0123,-0.0220,-0.2028,0
4062014,0.9982,-0.0341,0.0006,0.0487,0.0646,-0.0255,-0.5198,0
4062181,0.9982,-0.0354,0.0083,0.0486,0.4171,0.1801,-0.8434,0
4062347,0.9981,-0.0346,0.0127,0.0490,-0.5641,-0.1547,0.8105,0
4062514,0.9981,-0.0350,0.0128,0.0489,-0.1910,-0.0019,-0.0082,0
4062681,0.9981,-0.0350,0.0142,0.0489,0.1907,-0.0796,-0.2858,0
4062847,0.9981,-0.0348,0.0160,0.0489,-0.1851,0.0424,0.0176,0
4063014,0.9981,-0.0349,0.0163,0.0489,-0.0321,-0.0025,-0.1103,0
4063181,0.9981,-0.0347,0.0170,0.0489,-0.0246,-0.0063,-0.1094,0
4063347,0.9980,-0.0347,0.0175,0.0489,-0.0416,-0.0224,-0.2062,0
4063514,0.9980,-0.0348,0.0182,0.0489,-0.0288,-0.0105,-0.0580,0
4063681,0.9980,-0.0347,0.0185,0.0489,-0.0563,-0.0085,-0.1290,0
4063847,0.9980,-0.0346,0.0188,0.0489,-0.0268,-0.0093,-0.1215,0
4064014,0.9980,-0.0345,0.0193,0.0489,-0.0440,-0.0070,-0.1484,0
4064181,0.9980,-0.0344,0.0197,0.0489,-0.0508,-0.0064,-0.1278,0
4064347,0.9980,-0.0344,0.0199,0.0489,-0.0549,-0.0182,-0.1422,0
4064514,0.9980,-0.0344,0.0203,0.0489,-0.0228,-0.0162,-0.1304,0
4064681,0.9980,-0.0342,0.0208,0.0488,-0.0272,-0.0175,-0.1534,0
4064847,0.9980,-0.0341,0.0214,0.0488,-0.0345,0.0034,-0.1458,0
4065014,0.9980,-0.0340,0.0224,0.0488,0.0217,-0.0223,-0.1326,0
4065181,0.9980,-0.0337,0.0242,0.0487,0.0177,-0.0034,-0.1241,0
4065348,0.9979,-0.0332,0.0271,0.0487,0.0393,-0.0711,-0.1348,0
4065514,0.9979,-0.0330,0.0283,0.0486,-0.3491,0.0662,-0.1753,0
4065681,0.9979,-0.0330,0.0285,0.0486,0.0737,-0.0360,-0.0979,0
4065848,0.9979,-0.0330,0.0289,0.0486,-0.0856,-0.0054,-0.1510,0
4066014,0.9978,-0.0330,0.0291,0.0486,-0.0340,0.0033,-0.1239,0
4066181,0.9978,-0.0330,0.0292,0.0486,-0.0467,-0.0162,-0.1393,0
4066348,0.9978,-0.0330,0.0292,0.0486,-0.0264,-0.0110,-0.1311,0
4066514,0.9978,-0.0330,0.0296,0.0486,-0.0476,-0.0079,-0.1555,0
4066681,0.9978,-0.0330,0.0296,0.0486,-0.0334,-0.0129,-0.1460,0
4066848,0.9978,-0.0329,0.0296,0.0485,-0.0589,-0.0002,-0.1491,0
4067014,0.9978,-0.0329,0.0296,0.0485,-0.0177,-0.0175,-0.1635,0
4067181,0.9978,-0.0329,0.0299,0.0485,-0.0427,-0.0098,-0.1494,0
4067348,0.9978,-0.0329,0.0300,0.0485,-0.0562,-0.0157,-0.1446,0
4067514,0.9978,-0.0329,0.0299,0.0485,-0.0447,-0.0137,-0.1519,0
4067681,0.9978,-0.0329,0.0299,0.0485,-0.0369,-0.0086,-0.1580,0
4067848,0.9978,-0.0329,0.0298,0.0485,-0.0406,-0.0044,-0.1377,0
4068014,0.9978,-0.0329,0.0296,0.0485,-0.1155,-0.0015,-0.1360,0
4068181,0.9978,-0.0329,0.0293,0.0486,0.0395,-0.0282,-0.1552,0
4068348,0.9978,-0.0329,0.0293,0.0486,-0.1064,-0.0270,-0.1565,0
4068514,0.9979,-0.0329,0.0292,0.0486,-0.0364,-0.0118,-0.1410,0
4068681,0.9979,-0.0329,0.0287,0.0486,-0.0499,-0.0282,-0.1634,0
4068848,0.9979,-0.0330,0.0282,0.0486,-0.0523,-0.0385,-0.1356,0
4069014,0.9979,-0.0331,0.0275,0.0486,-0.0910,0.0278,-0.1563,0
4069181,0.9979,-0.0332,0.0267,0.0486,-0.0324,0.0067,-0.1351,0
4069348,0.9979,-0.0332,0.0266,0.0486,0.0579,-0.0196,-0.1368,0
4069514,0.9979,-0.0331,0.0274,0.0486,0.0346,-0.0250,-0.1429,0
4069681,0.9979,-0.0330,0.0279,0.0486,-0.2045,0.0330,-0.1567,0
4069848,0.9979,-0.0330,0.0274,0.0486,-0.0211,-0.0267,-0.1344,0
4070014,0.9979,-0.0333,0.0261,0.0487,-0.1733,0.0196,-0.1504,0
4070181,0.9979,-0.0335,0.0253,0.0487,0.1535,-0.0492,-0.1375,0
4070348,0.9979,-0.0333,0.0259,0.0486,-0.0062,0.0017,-0.1433,0
4070514,0.9979,-0.0333,0.0258,0.0486,-0.0927,-0.0021,-0.1346,0
4070681,0.9979,-0.0333,0.0260,0.0486,-0.0129,-0.0156,-0.1472,0
4070848,0.9979,-0.0332,0.0264,0.0486,-0.0180,-0.0237,-0.1367,0
4071014,0.9979,-0.0331,0.0270,0.0486,-0.0478,-0.0075,-0.1449,0
4071181,0.9979,-0.0331,0.0270,0.0487,-0.1831,0.0400,-0.1429,0
4071348,0.9979,-0.0335,0.0253,0.0487,-0.0431,-0.0650,-0.1255,0
4071514,0.9980,-0.0336,0.0243,0.0487,0.0491,-0.0268,-0.1412,0
4071681,0.9980,-0.0337,0.0237,0.0487,-0.1175,0.0306,-0.1408,0
4071848,0.9980,-0.0339,0.0209,0.0488,-0.1315,0.0298,0.1248,0
4072014,0.9981,-0.0340,0.0181,0.0490,0.0391,-0.0194,-0.2562,0
4072181,0.9981,-0.0340,0.0162,0.0491,-0.0681,-0.0127,0.0048,0
4072348,0.9981,-0.0339,0.0134,0.0493,-0.2711,-0.0072,-0.0055,0
4072514,0.9981,-0.0338,0.0096,0.0497,0.0288,0.0328,0.0770,0
4072681,0.9982,-0.0335,0.0043,0.0498,-0.2548,-0.0764,0.3727,0
4072848,0.7722,-0.0244,-0.0226,0.6345,-0.1008,-0.2431,0.3603,0
4073014,0.7720,-0.0180,-0.0305,0.6346,-0.0208,-0.1507,0.0925,0
4073181,0.7718,-0.0114,-0.0385,0.6346,0.0150,0.0251,-0.3529,0
4073348,0.7715,-0.0056,-0.0457,0.6345,0.0562,0.0590,-0.3698,0
4073514,0.7712,-0.0007,-0.0516,0.6345,0.0238,0.0533,-0.4377,0
4073681,0.7709,0.0036,-0.0567,0.6344,0.0184,0.0319,-0.2857,0
4073848,0.7706,0.0080,-0.0621,0.6343,0.0030,-0.0740,-0.0169,0
4074014
