DeviceTag: Xsens DOT,FirmwareVersion: 3.0.0,AppVersion: 2023.6.0,SyncStatus: Unknown (Synced/Un-synced),OutputRate: 60,FilterProfile: Unknown,Measurement Mode: Sensor fusion Mode - Extended (Euler),StartTime: 2024-12-02 18:04:02.724,Â© Movella Technologies B.V. 2005-2024
SampleTimeFine,Quat_W,Quat_X,Quat_Y,Quat_Z,FreeAcc_X,FreeAcc_Y,FreeAcc_Z,Status
126045,0.9172,-0.0438,0.0225,0.3953,0.0109,0.0125,-0.0323,0
126212,0.9175,-0.0433,0.0226,0.3947,0.0073,-0.0054,-0.0366,0
126378,0.9175,-0.0430,0.0227,0.3947,0.0120,0.0047,-0.0219,0
126545,0.9175,-0.0426,0.0228,0.3947,0.0150,-0.0242,-0.0258,0
126712,0.9177,-0.0424,0.0229,0.3943,0.0212,-0.0178,-0.0332,0
126878,0.9177,-0.0421,0.0230,0.3943,0.0416,-0.0160,-0.0455,0
127045,0.9177,-0.0419,0.0230,0.3943,0.0269,-0.0245,-0.0489,0
127212,0.9179,-0.0416,0.0231,0.3940,0.0276,-0.0427,-0.0426,0
127378,0.9180,-0.0414,0.0232,0.3938,0.0375,-0.0309,-0.0629,0
127545,0.9181,-0.0412,0.0233,0.3935,0.0336,-0.0296,-0.0450,0
127712,0.9182,-0.0409,0.0235,0.3934,0.0408,-0.0481,-0.0518,0
127878,0.9183,-0.0406,0.0236,0.3932,0.0547,-0.0343,-0.0399,0
128045,0.9184,-0.0404,0.0237,0.3929,0.0504,-0.0235,-0.0673,0
128212,0.9185,-0.0401,0.0239,0.3926,0.0437,-0.0567,-0.0424,0
128379,0.9186,-0.0398,0.0240,0.3925,0.0433,-0.0629,-0.0352,0
128545,0.9187,-0.0395,0.0241,0.3923,0.0609,-0.0728,-0.0621,0
128712,0.9188,-0.0392,0.0243,0.3919,0.0644,-0.0591,-0.0244,0
128879,0.9190,-0.0389,0.0244,0.3915,0.0609,-0.0675,-0.0432,0
129045,0.9191,-0.0386,0.0245,0.3913,0.0817,-0.0803,-0.0532,0
129212,0.9191,-0.0384,0.0247,0.3913,0.0785,-0.0830,-0.0285,0
129379,0.9191,-0.0381,0.0248,0.3914,0.0779,-0.0779,-0.0402,0
129545,0.9192,-0.0378,0.0249,0.3911,0.0860,-0.0809,-0.0396,0
129712,0.9194,-0.0375,0.0251,0.3907,0.1025,-0.0948,-0.0375,0
129879,0.9196,-0.0372,0.0252,0.3904,0.0890,-0.0925,-0.0503,0
130045,0.9195,-0.0370,0.0254,0.3904,0.1021,-0.1007,-0.0446,0
130212,0.9197,-0.0367,0.0255,0.3902,0.1072,-0.0985,-0.0333,0
130379,0.9198,-0.0364,0.0256,0.3898,0.1146,-0.1090,-0.0484,0
130545,0.9199,-0.0361,0.0258,0.3896,0.1237,-0.1022,-0.0527,0
130712,0.9199,-0.0358,0.0259,0.3896,0.1196,-0.1178,-0.0317,0
130879,0.9201,-0.0355,0.0260,0.3891,0.1263,-0.1221,-0.0259,0
131045,0.9203,-0.0353,0.0262,0.3887,0.1415,-0.1231,-0.0598,0
131212,0.9204,-0.0350,0.0263,0.3885,0.1382,-0.1398,-0.0435,0
131379,0.9205,-0.0347,0.0264,0.3882,0.1344,-0.1380,-0.0342,0
131545,0.9207,-0.0344,0.0266,0.3879,0.1340,-0.1238,-0.0291,0
131712,0.9208,-0.0341,0.0267,0.3876,0.1455,-0.1289,-0.0301,0
131879,0.9209,-0.0338,0.0268,0.3873,0.1454,-0.1364,-0.0375,0
132045,0.9211,-0.0335,0.0270,0.3869,0.1473,-0.1428,-0.0552,0
132212,0.9212,-0.0333,0.0271,0.3867,0.1597,-0.1576,-0.0435,0
132379,0.9213,-0.0330,0.0272,0.3865,0.1658,-0.1547,-0.0162,0
132545,0.9214,-0.0327,0.0274,0.3862,0.1711,-0.1507,-0.0496,0
132712,0.9215,-0.0324,0.0275,0.3859,0.1754,-0.1618,-0.0458,0
132879,0.9217,-0.0321,0.0276,0.3857,0.1730,-0.1775,-0.0567,0
133045,0.9218,-0.0318,0.0277,0.3854,0.1835,-0.1733,-0.0239,0
133212,0.9219,-0.0315,0.0279,0.3851,0.1836,-0.1698,-0.0313,0
133379,0.9220,-0.0312,0.0280,0.3848,0.1976,-0.1737,-0.0513,0
133545,0.9222,-0.0310,0.0281,0.3845,0.1909,-0.1855,-0.0377,0
133712,0.9223,-0.0307,0.0283,0.3842,0.2015,-0.1776,-0.0385,0
133879,0.9224,-0.0304,0.0284,0.3839,0.2005,-0.1896,-0.0394,0
134045,0.9226,-0.0301,0.0285,0.3836,0.2052,-0.2088,-0.0602,0
134212,0.9228,-0.0298,0.0287,0.3831,0.2185,-0.1980,-0.0474,0
134379,0.9229,-0.0295,0.0288,0.3828,0.2200,-0.2093,-0.0344,0
134545,0.9230,-0.0293,0.0289,0.3825,0.2159,-0.2125,-0.0469,0
134712,0.9232,-0.0290,0.0291,0.3822,0.2209,-0.2094,-0.0341,0
134879,0.9233,-0.0287,0.0292,0.3819,0.2124,-0.2109,-0.0404,0
135045,0.9234,-0.0284,0.0293,0.3816,0.2287,-0.2228,-0.0511,0
135212,0.9235,-0.0282,0.0295,0.3813,0.2345,-0.2164,-0.0431,0
135379,0.9237,-0.0279,0.0296,0.3811,0.2309,-0.2363,-0.0618,0
135545,0.9238,-0.0276,0.0297,0.3808,0.2370,-0.2336,-0.0572,0
135712,0.9239,-0.0273,0.0298,0.3804,0.2463,-0.2431,-0.0459,0
135879,0.9240,-0.0271,0.0299,0.3802,0.2551,-0.2564,-0.0713,0
136045,0.9242,-0.0268,0.0301,0.3799,0.2440,-0.2437,-0.0448,0
136212,0.9243,-0.0265,0.0302,0.3796,0.2407,-0.2376,-0.0735,0
136379,0.9244,-0.0262,0.0303,0.3793,0.2530,-0.2299,-0.0656,0
136545,0.9245,-0.0260,0.0304,0.3791,0.2655,-0.2535,-0.0466,0
136712,0.9246,-0.0257,0.0305,0.3787,0.2660,-0.2563,-0.0687,0
136879,0.9248,-0.0254,0.0307,0.3785,0.2600,-0.2693,-0.0357,0
137045,0.9249,-0.0252,0.0308,0.3782,0.2783,-0.2606,-0.0548,0
137212,0.9250,-0.0249,0.0309,0.3779,0.2776,-0.2757,-0.0610,0
137379,0.9251,-0.0246,0.0310,0.3777,0.2949,-0.2724,-0.0472,0
137545,0.9252,-0.0244,0.0311,0.3774,0.2838,-0.2825,-0.0540,0
137712,0.9253,-0.0241,0.0312,0.3771,0.2892,-0.2854,-0.0631,0
137879,0.9254,-0.0238,0.0313,0.3769,0.2862,-0.2848,-0.0271,0
138045,0.9255,-0.0236,0.0314,0.3766,0.2971,-0.2805,-0.0470,0
138212,0.9257,-0.0233,0.0316,0.3763,0.3020,-0.2839,-0.0569,0
138379,0.9258,-0.0231,0.0317,0.3761,0.3173,-0.3107,-0.0493,0
138545,0.9259,-0.0228,0.0318,0.3758,0.3074,-0.3086,-0.0585,0
138712,0.9260,-0.0226,0.0319,0.3756,0.3165,-0.3105,-0.0527,0
138879,0.9261,-0.0223,0.0320,0.3753,0.2940,-0.3031,-0.0571,0
139045,0.9262,-0.0221,0.0321,0.3750,0.3203,-0.3234,-0.0529,0
139212,0.9263,-0.0218,0.0322,0.3747,0.3258,-0.3212,-0.0465,0
139379,0.9264,-0.0216,0.0323,0.3745,0.3160,-0.3381,-0.0353,0
139545,0.9265,-0.0213,0.0324,0.3742,0.3196,-0.3411,-0.0663,0
139712,0.9267,-0.0211,0.0325,0.3739,0.3182,-0.3522,-0.0516,0
139879,0.9268,-0.0208,0.0326,0.3736,0.3331,-0.3330,-0.0489,0
140045,0.9269,-0.0206,0.0327,0.3733,0.3338,-0.3407,-0.0336,0
140212,0.9270,-0.0204,0.0328,0.3730,0.3409,-0.3363,-0.0467,0
140379,0.9271,-0.0201,0.0329,0.3728,0.3478,-0.3502,-0.0653,0
140545,0.9272,-0.0199,0.0330,0.3725,0.3321,-0.3516,-0.0516,0
140712,0.9273,-0.0197,0.0331,0.3723,0.3514,-0.3494,-0.0417,0
140879,0.9274,-0.0194,0.0332,0.3720,0.3476,-0.3539,-0.0431,0
141045,0.9276,-0.0192,0.0333,0.3717,0.3555,-0.3621,-0.0582,0
141212,0.9277,-0.0190,0.0334,0.3714,0.3716,-0.3585,-0.0543,0
141379,0.9278,-0.0188,0.0335,0.3711,0.3592,-0.3678,-0.0402,0
141545,0.9279,-0.0186,0.0335,0.3709,0.3739,-0.3693,-0.0521,0
141712,0.9280,-0.0184,0.0336,0.3706,0.3711,-0.3774,-0.0689,0
141879,0.9281,-0.0181,0.0337,0.3703,0.3736,-0.3811,-0.0501,0
142045,0.9282,-0.0179,0.0338,0.3700,0.3686,-0.3902,-0.0559,0
142212,0.9283,-0.0177,0.0339,0.3698,0.3735,-0.3927,-0.0442,0
142379,0.9284,-0.0175,0.0340,0.3695,0.3616,-0.3931,-0.0577,0
142545,0.9286,-0.0173,0.0341,0.3692,0.3699,-0.3871,-0.0487,0
142712,0.9287,-0.0171,0.0341,0.3690,0.3840,-0.3959,-0.0597,0
142879,0.9288,-0.0169,0.0342,0.3687,0.3881,-0.4011,-0.0582,0
143045,0.9289,-0.0168,0.0343,0.3684,0.3891,-0.3977,-0.0658,0
143212,0.9290,-0.0166,0.0344,0.3682,0.3854,-0.4003,-0.0571,0
143379,0.9291,-0.0164,0.0345,0.3679,0.3834,-0.3982,-0.0325,0
143545,0.9292,-0.0162,0.0345,0.3677,0.3969,-0.4100,-0.0452,0
143712,0.9293,-0.0160,0.0346,0.3674,0.3857,-0.4075,-0.0509,0
143879,0.9294,-0.0159,0.0347,0.3671,0.3934,-0.4179,-0.0550,0
144045,0.9295,-0.0157,0.0347,0.3669,0.4080,-0.4113,-0.0688,0
144212,0.9296,-0.0155,0.0348,0.3666,0.4120,-0.4122,-0.0755,0
144379,0.9297,-0.0153,0.0349,0.3663,0.4049,-0.4295,-0.0759,0
144545,0.9298,-0.0152,0.0350,0.3660,0.4080,-0.4241,-0.0340,0
144712,0.9299,-0.0150,0.0350,0.3657,0.4111,-0.4292,-0.0534,0
144879,0.9301,-0.0149,0.0351,0.3654,0.4060,-0.4368,-0.0618,0
145046,0.9302,-0.0147,0.0352,0.3652,0.4168,-0.4453,-0.0602,0
145212,0.9303,-0.0146,0.0352,0.3649,0.4090,-0.4362,-0.0474,0
145379,0.9304,-0.0144,0.0353,0.3646,0.4058,-0.4487,-0.0480,0
145546,0.9305,-0.0143,0.0354,0.3644,0.4357,-0.4367,-0.0475,0
145712,0.9306,-0.0142,0.0354,0.3641,0.4153,-0.4321,-0.0488,0
145879,0.9288,-0.0430,0.0225,0.3674,-0.0188,-0.0119,-0.0498,0
146046,0.9287,-0.0430,0.0225,0.3676,-0.0207,-0.0253,-0.0524,0
146212,0.9287,-0.0430,0.0225,0.3677,-0.0181,-0.0189,-0.0445,0
146379,0.9286,-0.0430,0.0225,0.3679,-0.0062,-0.0017,-0.0514,0
146546,0.9285,-0.0430,0.0225,0.3680,-0.0141,-0.0064,-0.0515,0
146712,0.9285,-0.0430,0.0225,0.3682,0.0001,0.0042,-0.0383,0
146879,0.9284,-0.0430,0.0225,0.3683,-0.0050,-0.0191,-0.0280,0
147046,0.9284,-0.0430,0.0225,0.3685,-0.0202,-0.0268,-0.0321,0
147212,0.9283,-0.0430,0.0225,0.3686,-0.0208,-0.0201,-0.0109,0
147379,0.9283,-0.0430,0.0225,0.3687,-0.0114,-0.0162,-0.0254,0
147546,0.9282,-0.0430,0.0225,0.3689,-0.0019,-0.0088,-0.0329,0
147712,0.9281,-0.0430,0.0225,0.3690,-0.0026,-0.0085,-0.0611,0
147879,0.9281,-0.0430,0.0225,0.3692,-0.0048,0.0004,-0.0420,0
148046,0.9280,-0.0430,0.0225,0.3693,0.0020,-0.0241,-0.0036,0
148212,0.9280,-0.0430,0.0225,0.3694,-0.0225,-0.0203,-0.0314,0
148379,0.9279,-0.0430,0.0225,0.3696,-0.0258,-0.0191,-0.0532,0
148546,0.9279,-0.0431,0.0225,0.3697,-0.0066,-0.0112,-0.0141,0
148712,0.9278,-0.0431,0.0225,0.3698,0.0054,0.0011,-0.0302,0
148879,0.9278,-0.0431,0.0225,0.3700,-0.0071,-0.0149,-0.0490,0
149046,0.9277,-0.0431,0.0225,0.3701,0.0041,-0.0121,-0.0708,0
149212,0.9277,-0.0431,0.0225,0.3702,-0.0203,-0.0123,-0.0329,0
149379,0.9276,-0.0431,0.0225,0.3704,-0.0129,-0.0172,-0.0484,0
149546,0.9276,-0.0431,0.0225,0.3705,-0.0127,-0.0236,0.0071,0
149712,0.9275,-0.0431,0.0225,0.3707,0.0011,-0.0188,-0.0309,0
149879,0.9274,-0.0431,0.0225,0.3708,0.0103,-0.0057,-0.0491,0
150046,0.9274,-0.0431,0.0225,0.3709,-0.0022,-0.0064,-0.0302,0
150212,0.9273,-0.0431,0.0225,0.3710,-0.0051,-0.0215,-0.0213,0
150379,0.9273,-0.0431,0.0225,0.3712,-0.0201,-0.0022,-0.0461,0
150546,0.9272,-0.0431,0.0225,0.3713,-0.0074,-0.0097,-0.0301,0
150712,0.9272,-0.0431,0.0225,0.3714,-0.0043,-0.0076,-0.0560,0
150879,0.9271,-0.0431,0.0224,0.3715,-0.0085,-0.0142,-0.0411,0
151046,0.9271,-0.0432,0.0224,0.3717,0.0179,-0.0242,-0.0475,0
151212,0.9270,-0.0432,0.0224,0.3718,-0.0024,-0.0099,-0.0427,0
151379,0.9270,-0.0432,0.0224,0.3719,-0.0068,-0.0065,-0.0368,0
151546,0.9269,-0.0432,0.0224,0.3720,0.0007,0.0041,-0.0411,0
151712,0.9269,-0.0432,0.0224,0.3722,0.0175,-0.0130,-0.0463,0
151879,0.9269,-0.0432,0.0224,0.3723,0.0180,-0.0125,-0.0214,0
152046,0.9268,-0.0432,0.0224,0.3724,-0.0652,-0.0036,0.0360,0
152212,0.9267,-0.0432,0.0224,0.3725,-0.1040,-0.0226,-0.1178,0
152379,0.9267,-0.0432,0.0224,0.3726,-0.0389,-0.0178,-0.0085,0
152546,0.9266,-0.0432,0.0224,0.3728,0.0391,-0.0036,-0.0506,0
152712,0.9266,-0.0432,0.0224,0.3729,0.0772,-0.0084,-0.0326,0
152879,0.9266,-0.0432,0.0224,0.3730,0.0527,-0.0096,-0.0087,0
153046,0.9265,-0.0432,0.0224,0.3731,-0.0251,-0.0342,-0.0672,0
153212,0.9265,-0.0432,0.0224,0.3732,-0.0877,-0.0380,-0.0115,0
153379,0.9264,-0.0432,0.0224,0.3734,-0.0941,-0.0216,-0.0649,0
153546,0.9264,-0.0432,0.0224,0.3735,-0.0570,0.0058,-0.0179,0
153712,0.9263,-0.0432,0.0223,0.3736,0.0312,-0.0018,-0.0511,0
153879,0.9263,-0.0432,0.0223,0.3737,0.0745,-0.0236,-0.0564,0
154046,0.9262,-0.0432,0.0223,0.3738,0.0426,-0.0363,-0.0399,0
154212,0.9262,-0.0432,0.0223,0.3740,-0.0139,-0.0160,-0.0382,0
154379,0.9261,-0.0432,0.0223,0.3741,-0.0737,-0.0112,-0.0403,0
154546,0.9261,-0.0433,0.0223,0.3742,-0.0691,0.0080,-0.0281,0
154712,0.9260,-0.0433,0.0223,0.3743,-0.0349,0.0090,-0.0485,0
154879,0.9260,-0.0433,0.0223,0.3744,0.0234,-0.0211,-0.0720,0
155046,0.9259,-0.0433,0.0223,0.3745,0.0449,-0.0181,-0.0386,0
155212,0.9259,-0.0433,0.0223,0.3747,0.0426,-0.0227,-0.0484,0
155379,0.9258,-0.0433,0.0223,0.3748,-0.0273,0.0040,-0.0481,0
155546,0.9258,-0.0433,0.0223,0.3749,-0.0389,-0.0182,-0.0322,0
155712,0.9257,-0.0433,0.0223,0.3750,-0.0677,0.0159,-0.0123,0
155879,0.9257,-0.0433,0.0223,0.3751,-0.0245,-0.0094,-0.0339,0
156046,0.9256,-0.0433,0.0222,0.3752,0.0135,-0.0522,-0.0528,0
156212,0.9256,-0.0434,0.0222,0.3755,0.0457,-0.1298,-0.0643,0
156379,0.9255,-0.0434,0.0222,0.3756,0.2724,0.1124,-0.0455,0
156546,0.9255,-0.0434,0.0225,0.3756,-0.1391,0.0067,-0.0278,0
156712,0.9255,-0.0434,0.0224,0.3755,-0.0130,-0.0525,-0.0205,0
156879,0.9256,-0.0434,0.0221,0.3753,0.1841,-0.0542,-0.0725,0
157046,0.9261,-0.0433,0.0215,0.3741,0.8868,0.3011,-0.0296,0
157212,0.9265,-0.0433,0.0226,0.3731,-1.3815,-0.0792,-0.1157,0
157379,0.9264,-0.0433,0.0223,0.3733,0.1701,-0.1517,-0.0037,0
157546,0.9264,-0.0433,0.0224,0.3735,-0.0550,-0.0132,0.0417,0
157712,0.9263,-0.0433,0.0225,0.3736,-0.0032,-0.0191,-0.0968,0
157879,0.9263,-0.0433,0.0224,0.3737,-0.0411,-0.0070,-0.0495,0
158046,0.9262,-0.0433,0.0224,0.3738,-0.0208,-0.0041,-0.0203,0
158212,0.9262,-0.0433,0.0224,0.3739,0.0170,0.0075,-0.0487,0
158379,0.9261,-0.0434,0.0220,0.3740,-0.0325,-0.0140,-0.0788,0
158546,0.9261,-0.0436,0.0215,0.3742,0.0352,-0.0293,0.0441,0
158712,0.9260,-0.0435,0.0212,0.3744,-0.1558,0.0009,-0.0554,0
158879,0.9259,-0.0434,0.0202,0.3748,-0.1825,-0.0691,0.0497,0
159046,0.9256,-0.0434,0.0185,0.3755,-0.3684,-0.2396,-0.0274,0
159212,0.9248,-0.0434,0.0164,0.3775,-0.6518,-0.7433,0.1597,0
159379,0.9232,-0.0430,0.0115,0.3817,0.3457,0.9266,-0.0769,0
159546,0.9201,-0.0438,0.0094,0.3891,-0.2680,1.4996,-0.3981,0
159712,0.9159,-0.0445,0.0091,0.3988,-0.1003,-0.1057,-0.1340,0
159879,0.9116,-0.0449,0.0094,0.4084,0.0191,-0.1818,-0.1363,0
160046,0.9077,-0.0452,0.0097,0.4170,0.1644,-0.3210,0.0521,0
160212,0.9044,-0.0454,0.0097,0.4242,-0.0372,-0.0813,0.0622,0
160379,0.9017,-0.0452,0.0086,0.4299,0.1641,-0.2824,0.3332,0
160546,0.8998,-0.0443,0.0057,0.4341,0.2122,-0.2649,0.5502,0
160712,0.8988,-0.0408,-0.0019,0.4364,0.0025,-0.7716,1.3131,0
160879,0.8989,-0.0348,-0.0147,0.4364,0.0169,-0.5580,0.8821,0
161046,0.8994,-0.0272,-0.0307,0.4351,-0.1863,-0.4410,0.3610,0
161212,0.8999,-0.0187,-0.0487,0.4329,-0.2232,-0.2559,0.3641,0
161379,0.9000,-0.0092,-0.0685,0.4303,-0.0116,-0.3497,0.0632,0
161546,0.8997,0.0002,-0.0877,0.4275,-0.0433,0.2653,-0.0487,0
161713,0.8988,0.0076,-0.1029,0.4261,0.4398,0.6534,-1.3936,0
161879,0.8977,0.0132,-0.1126,0.4257,0.1650,0.1932,-0.8983,0
162046,0.8967,0.0179,-0.1204,0.4257,-0.2222,0.1132,0.0095,0
162213,0.8954,0.0225,-0.1294,0.4254,-0.1755,-0.1742,0.2637,0
162379,0.8939,0.0281,-0.1398,0.4249,-0.1896,-0.1971,0.2033,0
162546,0.8921,0.0342,-0.1511,0.4245,-0.0897,-0.1357,0.1158,0
162713,0.8900,0.0406,-0.1628,0.4239,-0.1543,-0.1227,0.0026,0
162879,0.8877,0.0470,-0.1747,0.4235,-0.1343,0.0080,-0.1286,0
163046,0.8848,0.0536,-0.1870,0.4235,-0.0313,0.0925,0.0712,0
163213,0.8815,0.0601,-0.1985,0.4242,0.1520,0.3680,-0.4952,0
163379,0.8786,0.0656,-0.2080,0.4248,0.1707,-0.0866,-0.2579,0
163546,0.8761,0.0708,-0.2173,0.4245,0.1164,-0.2773,-0.0153,0
163713,0.8737,0.0760,-0.2275,0.4232,-0.0324,-0.1910,0.1592,0
163879,0.8708,0.0819,-0.2393,0.4215,-0.0129,-0.3214,0.2569,0
164046,0.8673,0.0889,-0.2533,0.4192,-0.2923,-0.4693,0.4342,0
164213,0.8626,0.0972,-0.2703,0.4165,-0.5437,-0.6177,0.5903,0
164379,0.8567,0.1067,-0.2898,0.4132,-0.4577,-0.5009,0.1860,0
164546,0.8495,0.1170,-0.3112,0.4097,-0.4607,-0.3070,0.0042,0
164713,0.8416,0.1274,-0.3327,0.4059,-0.0916,0.0306,-0.3691,0
164879,0.8336,0.1372,-0.3531,0.4021,-0.0353,0.0847,-0.3708,0
165046,0.8254,0.1463,-0.3724,0.3984,0.1205,-0.0165,-0.3168,0
165213,0.8167,0.1554,-0.3917,0.3942,-0.0347,-0.3028,-0.1213,0
165379,0.8067,0.1651,-0.4127,0.3895,-0.2847,-0.5440,-0.0069,0
165546,0.7949,0.1756,-0.4358,0.3838,-0.4850,-0.6419,-0.1198,0
165713,0.7813,0.1869,-0.4609,0.3771,-0.4736,-0.5051,-0.2556,0
165879,0.7658,0.1985,-0.4875,0.3694,-0.4030,-0.2537,-0.4568,0
166046,0.7485,0.2103,-0.5152,0.3607,-0.5586,-0.0373,-0.6126,0
166213,0.7294,0.2219,-0.5437,0.3509,-0.2431,0.0034,-0.6382,0
166379,0.7084,0.2333,-0.5730,0.3397,0.0868,0.0069,-0.7127,0
166546,0.6877,0.2444,-0.6003,0.3270,1.3562,0.5926,0.7018,0
166713,0.6689,0.2539,-0.6244,0.3134,0.9766,0.5420,-0.5826,0
166879,0.6508,0.2619,-0.6464,0.3000,0.1289,0.8385,-0.6296,0
167046,0.6328,0.2684,-0.6671,0.2872,0.0584,0.5955,-0.8515,0
167213,-0.6175,-0.2722,0.6845,-0.2758,0.9088,0.8712,0.1025,0
167379,-0.6049,-0.2741,0.6986,-0.2665,0.4602,0.5989,-0.1747,0
167546,-0.6006,-0.2733,0.7047,-0.2608,1.4336,0.6460,1.0471,0
167713,-0.6005,-0.2714,0.7068,-0.2574,0.3209,0.3792,-0.0709,0
167879,-0.6012,-0.2697,0.7076,-0.2553,0.0918,0.0626,0.0638,0
168046,-0.6011,-0.2693,0.7082,-0.2543,0.0151,-0.1091,-0.0286,0
168213,-0.6012,-0.2695,0.7079,-0.2546,0.2230,0.4199,-0.1337,0
168379,-0.6020,-0.2691,0.7072,-0.2550,0.1806,-0.1922,0.1789,0
168546,-0.6025,-0.2690,0.7067,-0.2552,-0.1320,-0.0135,-0.1908,0
168713,-0.6030,-0.2688,0.7064,-0.2554,0.0967,-0.1634,0.1613,0
168879,-0.6035,-0.2686,0.7059,-0.2556,-0.0004,0.0508,-0.0670,0
169046,-0.6041,-0.2683,0.7053,-0.2560,0.0810,-0.0758,0.0007,0
169213,-0.6050,-0.2679,0.7046,-0.2564,0.1188,0.0204,-0.0080,0
169379,-0.6063,-0.2671,0.7035,-0.2571,0.2565,0.1771,0.0179,0
169546,-0.6084,-0.2663,0.7016,-0.2581,0.1274,-0.0694,0.0809,0
169713,-0.6107,-0.2653,0.6996,-0.2593,-0.1162,0.0022,0.0157,0
169879,-0.6125,-0.2647,0.6980,-0.2598,-0.0183,-0.3430,-0.0857,0
170046,-0.6138,-0.2641,0.6968,-0.2606,-0.2568,0.0317,-0.2810,0
170213,-0.6145,-0.2638,0.6962,-0.2609,0.0630,-0.3805,0.2131,0
170379,-0.6154,-0.2635,0.6954,-0.2613,0.0170,0.1422,-0.1105,0
170546,-0.6166,-0.2630,0.6942,-0.2623,0.1786,0.1301,-0.0295,0
170713,-0.6195,-0.2617,0.6914,-0.2641,0.7083,0.5787,0.0489,0
170879,-0.6262,-0.2584,0.6852,-0.2677,1.1902,1.3100,0.1682,0
171046,0.6373,0.2530,-0.6746,0.2733,0.8876,0.9761,-0.0775,0
171213,0.6522,0.2461,-0.6594,0.2815,0.6686,0.4002,-0.0377,0
171379,0.6705,0.2381,-0.6389,0.2925,0.4230,0.5064,-0.3287,0
171546,0.6921,0.2287,-0.6121,0.3065,0.4569,0.5305,-0.3373,0
171713,0.7150,0.2185,-0.5809,0.3218,0.6547,0.2612,-0.3466,0
171879,0.7373,0.2082,-0.5482,0.3353,0.2582,-0.3248,0.1393,0
172046,0.7563,0.1985,-0.5183,0.3463,-0.6561,-1.0820,-0.5900,0
172213,0.7709,0.1905,-0.4929,0.3556,-1.0274,-0.9658,-0.2228,0
172379,0.7820,0.1841,-0.4722,0.3629,-1.3236,-0.7586,0.1486,0
172546,0.7885,0.1800,-0.4592,0.3674,-1.4299,-1.1283,0.4754,0
172713,0.7908,0.1783,-0.4545,0.3691,-0.8713,-1.0199,0.3797,0
172879,0.7911,0.1779,-0.4541,0.3692,-0.1491,-0.2465,0.0942,0
173046,0.7915,0.1775,-0.4534,0.3695,0.3632,0.2628,-0.1400,0
173213,0.7931,0.1762,-0.4504,0.3703,0.3717,0.3611,-0.3001,0
173379,0.7957,0.1742,-0.4452,0.3719,0.2749,0.3098,-0.1717,0
173546,0.7989,0.1717,-0.4390,0.3737,0.0947,0.1739,-0.1482,0
173713,0.8020,0.1689,-0.4327,0.3755,-0.0080,0.0370,-0.1103,0
173879,0.8053,0.1659,-0.4260,0.3773,0.1285,0.1208,-0.1407,0
174046,0.8091,0.1624,-0.4182,0.3796,0.1324,0.1955,-0.1835,0
174213,0.8134,0.1585,-0.4092,0.3819,0.3190,0.2753,-0.1843,0
174379,0.8179,0.1541,-0.3997,0.3840,0.0861,-0.0185,-0.0667,0
174546,0.8221,0.1500,-0.3910,0.3857,-0.1306,-0.2995,0.0638,0
174713,0.8259,0.1458,-0.3828,0.3874,0.1014,0.2295,-0.2863,0
174879,0.8310,0.1401,-0.3714,0.3896,0.7891,0.7777,-0.7302,0
175046,0.8377,0.1326,-0.3556,0.3927,0.4281,0.5081,-0.6249,0
175213,0.8447,0.1242,-0.3381,0.3959,-0.1623,-0.1504,-0.1195,0
175379,0.8506,0.1167,-0.3224,0.3986,-0.5040,-0.6162,0.3460,0
175546,0.8552,0.1104,-0.3096,0.4007,-0.3592,-0.4246,0.2823,0
175713,0.8594,0.1044,-0.2975,0.4025,0.1000,0.0859,-0.2565,0
175879,0.8638,0.0978,-0.2838,0.4046,0.1328,0.1294,-0.2883,0
176046,0.8679,0.0911,-0.2696,0.4071,-0.1405,0.0351,-0.0646,0
176213,0.8713,0.0846,-0.2555,0.4104,-0.2015,0.0605,-0.1030,0
176379,0.8739,0.0782,-0.2414,0.4147,-0.1856,0.0657,-0.0659,0
176546,0.8758,0.0721,-0.2274,0.4197,-0.2278,0.0702,-0.0575,0
176713,0.8768,0.0666,-0.2142,0.4253,-0.2514,-0.3430,0.2954,0
176879,0.8773,0.0623,-0.2025,0.4306,-0.1078,-0.2002,0.1115,0
177046,0.8779,0.0581,-0.1922,0.4347,-0.1776,-0.4857,0.4120,0
177213,0.8793,0.0528,-0.1818,0.4370,0.6646,0.4730,-1.1872,0
177379,0.8825,0.0432,-0.1653,0.4382,0.4156,0.3897,-1.1057,0
177546,0.8854,0.0340,-0.1464,0.4398,-0.0216,-0.4583,0.1666,0
177713,0.9912,-0.0349,-0.1278,-0.0045,-0.5551,0.0480,0.4932,0
177879,0.9929,-0.0352,-0.1138,-0.0043,-0.8330,0.0891,1.1173,0
178046,0.9936,-0.0361,-0.1066,-0.0043,-0.6821,0.1308,1.1639,0
178213,0.9939,-0.0366,-0.1040,-0.0043,-0.4004,-0.0239,0.6290,0
178380,0.9940,-0.0364,-0.1031,-0.0043,-0.0692,-0.0303,0.0280,0
178546,0.9941,-0.0361,-0.1022,-0.0042,0.0022,0.0565,-0.0713,0
178713,0.9942,-0.0360,-0.1014,-0.0042,-0.0367,0.0013,0.0062,0
178880,0.9943,-0.0359,-0.1006,-0.0041,0.0225,-0.0002,-0.0945,0
179046,0.9944,-0.0357,-0.0998,-0.0040,-0.0066,-0.0072,-0.0051,0
179213,0.9944,-0.0356,-0.0990,-0.0040,-0.0204,-0.0060,-0.0116,0
179380,0.9945,-0.0355,-0.0984,-0.0039,-0.0317,-0.0177,-0.0278,0
179546,0.9946,-0.0354,-0.0980,-0.0038,-0.0446,0.0058,0.0146,0
179713,0.9946,-0.0353,-0.0977,-0.0038,0.0172,0.0192,-0.0484,0
179880,0.9946,-0.0353,-0.0975,-0.0037,-0.0224,-0.0111,-0.0150,0
180046,0.9946,-0.0352,-0.0974,-0.0037,0.0058,-0.0059,-0.0560,0
180213,0.9947,-0.0352,-0.0969,-0.0037,0.0679,0.0128,-0.1067,0
180380,0.9947,-0.0350,-0.0962,-0.0037,-0.0329,0.0019,-0.0329,0
180546,0.9948,-0.0349,-0.0959,-0.0037,-0.0426,0.0282,-0.0027,0
180713,0.9948,-0.0350,-0.0957,-0.0037,-0.0377,-0.0060,-0.0325,0
180880,0.9948,-0.0349,-0.0955,-0.0037,-0.0005,-0.0277,-0.0504,0
181046,0.9949,-0.0347,-0.0951,-0.0036,0.0503,0.0034,-0.0686,0
181213,0.9949,-0.0346,-0.0945,-0.0036,-0.0086,-0.0089,-0.0530,0
181380,0.9950,-0.0344,-0.0940,-0.0035,-0.0268,0.0016,-0.0310,0
181546,0.9951,-0.0344,-0.0929,-0.0035,0.1597,-0.0254,-0.2705,0
181713,0.9952,-0.0340,-0.0912,-0.0035,-0.0694,-0.0281,0.0299,0
181880,0.9954,-0.0337,-0.0902,-0.0035,-0.1024,0.0484,0.0980,0
182046,0.9954,-0.0336,-0.0901,-0.0034,-0.0983,0.0292,0.0679,0
182213,0.9954,-0.0336,-0.0901,-0.0034,0.0558,-0.0074,-0.1128,0
182380,0.9954,-0.0335,-0.0897,-0.0034,-0.0143,-0.0117,-0.0626,0
182546,0.9954,-0.0334,-0.0895,-0.0033,-0.0285,0.0261,0.0158,0
182713,0.9954,-0.0334,-0.0895,-0.0032,-0.0609,0.0018,0.0071,0
182880,0.9954,-0.0334,-0.0898,-0.0032,-0.0049,0.0092,-0.0238,0
183046,0.9954,-0.0334,-0.0900,-0.0031,0.0205,0.0086,-0.0779,0
183213,0.9954,-0.0334,-0.0902,-0.0031,-0.0333,-0.0061,-0.0301,0
183380,0.9953,-0.0335,-0.0905,-0.0030,0.0062,-0.0053,-0.0440,0
183546,0.9953,-0.0335,-0.0905,-0.0030,0.0365,0.0019,-0.0850,0
183713,0.9953,-0.0335,-0.0905,-0.0029,-0.0190,0.0152,-0.0177,0
183880,0.9953,-0.0335,-0.0907,-0.0029,-0.0019,0.0113,-0.0116,0
184046,0.9953,-0.0334,-0.0907,-0.0028,0.0585,-0.0085,-0.0765,0
184213,0.9953,-0.0334,-0.0905,-0.0029,-0.0508,-0.0201,-0.0341,0
184380,0.9953,-0.0334,-0.0903,-0.0028,-0.0275,0.0023,-0.0307,0
184546,0.9954,-0.0334,-0.0902,-0.0028,-0.0321,0.0004,-0.0345,0
184713,0.9953,-0.0334,-0.0903,-0.0028,-0.0483,0.0085,0.0298,0
184880,0.9953,-0.0334,-0.0906,-0.0027,0.0218,-0.0032,-0.0748,0
185046,0.9953,-0.0334,-0.0906,-0.0027,0.0257,-0.0003,-0.0831,0
185213,0.9953,-0.0334,-0.0905,-0.0026,-0.0112,-0.0016,-0.0319,0
185380,0.9953,-0.0334,-0.0905,-0.0026,-0.0057,0.0180,-0.0373,0
185546,0.9953,-0.0334,-0.0905,-0.0026,-0.0152,-0.0214,-0.0502,0
185713,0.9953,-0.0334,-0.0905,-0.0026,0.0161,0.0088,-0.0605,0
185880,0.9953,-0.0333,-0.0904,-0.0026,-0.0254,0.0032,-0.0062,0
186046,0.9953,-0.0333,-0.0904,-0.0025,-0.0127,-0.0039,-0.0713,0
186213,0.9954,-0.0333,-0.0903,-0.0025,-0.0134,0.0114,-0.0462,0
186380,0.9953,-0.0333,-0.0904,-0.0024,-0.0384,0.0120,-0.0048,0
186546,0.9953,-0.0333,-0.0907,-0.0024,-0.0300,0.0149,0.0078,0
186713,0.9953,-0.0334,-0.0914,-0.0023,-0.0556,-0.0034,-0.0264,0
186880,0.9952,-0.0335,-0.0921,-0.0024,0.0115,0.0056,-0.0388,0
187046,0.9951,-0.0336,-0.0929,-0.0023,-0.0871,0.0019,-0.0236,0
187213,0.9950,-0.0338,-0.0941,-0.0022,-0.0320,0.0319,0.0092,0
187380,0.9948,-0.0340,-0.0959,-0.0021,-0.1229,0.0298,0.0975,0
187546,0.9945,-0.0341,-0.0990,-0.0019,-0.2463,0.0342,0.4646,0
187713,0.9939,-0.0339,-0.1045,-0.0017,-0.2688,0.0122,0.3772,0
187880,0.9932,-0.0337,-0.1115,-0.0016,-0.1147,0.0425,0.1507,0
188046,0.9923,-0.0334,-0.1196,-0.0013,-0.2301,-0.0162,0.2690,0
188213,0.9910,-0.0331,-0.1296,-0.0011,-0.2275,0.0236,0.2753,0
188380,0.9895,-0.0327,-0.1407,-0.0009,-0.0973,0.0081,0.0157,0
188546,0.9879,-0.0322,-0.1514,-0.0006,0.0815,-0.0171,-0.2413,0
188713,0.9865,-0.0317,-0.1608,-0.0003,0.1428,0.0201,-0.3480,0
188880,0.9851,-0.0311,-0.1692,0.0003,0.0796,0.1035,-0.1764,0
189046,0.9837,-0.0306,-0.1772,0.0012,-0.0086,-0.0058,-0.0532,0
189213,0.9821,-0.0300,-0.1858,0.0022,-0.1733,0.0997,0.1488,0
189380,0.9803,-0.0295,-0.1954,0.0036,-0.1022,0.1956,0.0838,0
189546,0.9781,-0.0290,-0.2059,0.0059,-0.1671,0.1732,0.1360,0
189713,0.9758,-0.0280,-0.2168,0.0091,0.0127,0.0581,-0.0693,0
189880,0.9733,-0.0268,-0.2275,0.0126,0.0200,0.0148,-0.1055,0
190046,0.9708,-0.0256,-0.2380,0.0160,-0.0019,-0.0623,-0.0898,0
190213,0.9682,-0.0244,-0.2481,0.0191,-0.0322,-0.1065,-0.0785,0
190380,0.9654,-0.0232,-0.2588,0.0218,-0.2728,-0.0530,0.1550,0
190546,0.9620,-0.0221,-0.2712,0.0241,-0.4023,-0.0696,0.2661,0
190713,0.9578,-0.0211,-0.2856,0.0258,-0.4270,-0.1761,0.2073,0
190880,0.9530,-0.0204,-0.3011,0.0266,-0.2808,-0.1836,0.0235,0
191046,0.9476,-0.0200,-0.3178,0.0267,-0.3781,-0.0112,0.1353,0
191213,0.9415,-0.0195,-0.3354,0.0268,-0.1479,-0.0453,-0.0803,0
191380,0.9351,-0.0190,-0.3528,0.0268,-0.0224,0.0086,-0.1695,0
191546,0.9286,-0.0185,-0.3696,0.0269,0.0690,-0.0200,-0.2466,0
191713,0.9220,-0.0181,-0.3859,0.0269,-0.1022,0.0147,-0.1234,0
191880,0.9146,-0.0177,-0.4030,0.0271,-0.4525,0.0263,0.0571,0
192046,0.9060,-0.0173,-0.4220,0.0271,-0.4672,0.1311,0.0560,0
192213,0.8964,-0.0171,-0.4421,0.0269,-0.2106,-0.3371,-0.1801,0
192380,0.8861,-0.0169,-0.4624,0.0268,-0.0758,0.2325,-0.2658,0
192546,0.8755,-0.0168,-0.4822,0.0267,0.0227,-0.1403,-0.2710,0
192713,0.8646,-0.0168,-0.5016,0.0265,0.0852,-0.0243,-0.3261,0
192880,0.8534,-0.0169,-0.5204,0.0260,0.1380,-0.0727,-0.2837,0
193046,0.8418,-0.0174,-0.5388,0.0254,0.1183,0.0636,-0.3003,0
193213,0.8297,-0.0182,-0.5574,0.0245,0.1424,0.1612,-0.2966,0
193380,0.8172,-0.0192,-0.5756,0.0234,0.2095,0.1273,-0.2768,0
193546,0.8042,-0.0206,-0.5936,0.0221,0.1143,0.2545,-0.3006,0
193713,0.7905,-0.0224,-0.6117,0.0205,0.1685,-0.1155,-0.4290,0
193880,0.7781,-0.0242,-0.6274,0.0185,1.1060,-0.5333,0.6983,0
194046,0.7690,-0.0245,-0.6386,0.0166,0.7785,-0.0686,-0.1655,0
194213,0.7624,-0.0248,-0.6465,0.0153,0.5571,-0.1263,-0.1329,0
194380,0.7574,-0.0249,-0.6523,0.0143,0.3186,0.0047,-0.1029,0
194546,0.7545,-0.0246,-0.6556,0.0142,0.2978,-0.0406,-0.1053,0
194713,0.7524,-0.0244,-0.6581,0.0140,0.3013,0.0299,-0.0331,0
194880,0.7511,-0.0242,-0.6596,0.0139,0.2361,-0.0741,-0.0376,0
195047,0.7502,-0.0241,-0.6607,0.0138,-0.0440,0.0363,-0.0511,0
195213,0.7488,-0.0239,-0.6622,0.0138,-0.1864,-0.0756,-0.0022,0
195380,0.7469,-0.0238,-0.6644,0.0137,-0.2128,-0.0576,-0.0127,0
195547,0.7445,-0.0236,-0.6670,0.0136,-0.1253,-0.0496,-0.0109,0
195713,0.7418,-0.0234,-0.6701,0.0134,-0.1666,-0.0508,-0.0005,0
195880,0.7387,-0.0232,-0.6736,0.0132,-0.0717,-0.0871,-0.0052,0
196047,0.7357,-0.0230,-0.6768,0.0129,0.1482,-0.0429,-0.0314,0
196213,0.7334,-0.0228,-0.6793,0.0128,0.3609,-0.0083,-0.0604,0
196380,0.7324,-0.0227,-0.6803,0.0127,0.4622,0.0014,-0.0563,0
196547,0.7327,-0.0227,-0.6800,0.0127,0.4008,-0.0205,-0.0401,0
196713,0.7339,-0.0228,-0.6787,0.0128,0.2811,-0.0251,-0.0220,0
196880,0.7359,-0.0230,-0.6766,0.0129,0.2113,-0.0275,-0.0431,0
197047,0.7385,-0.0233,-0.6738,0.0131,0.2387,-0.0343,-0.0366,0
197213,0.7418,-0.0236,-0.6700,0.0133,0.3000,-0.0283,-0.0731,0
197380,0.7463,-0.0240,-0.6650,0.0136,0.4394,-0.0195,-0.0937,0
197547,0.7521,-0.0246,-0.6584,0.0140,0.5138,-0.0348,-0.1023,0
197713,0.7593,-0.0252,-0.6501,0.0145,0.4893,-0.0374,-0.1295,0
197880,0.7675,-0.0260,-0.6403,0.0150,0.4453,-0.1373,-0.1735,0
198047,0.7768,-0.0270,-0.6290,0.0155,0.3809,0.1902,-0.2329,0
198213,0.7868,-0.0279,-0.6163,0.0160,0.2312,-0.3452,0.4869,0
198380,0.7962,-0.0280,-0.6042,0.0156,-0.2464,-0.1132,-0.0212,0
198547,0.8053,-0.0282,-0.5920,0.0153,0.0366,0.0436,-0.1335,0
198713,0.8142,-0.0282,-0.5796,0.0151,-0.0279,-0.0223,-0.1259,0
198880,0.8230,-0.0283,-0.5672,0.0148,-0.0935,-0.0519,-0.0976,0
199047,0.8315,-0.0284,-0.5547,0.0145,0.1443,-0.0474,-0.1514,0
199213,0.8404,-0.0285,-0.5410,0.0142,0.2688,-0.0074,-0.2010,0
199380,0.8498,-0.0285,-0.5261,0.0139,0.2360,-0.0077,-0.2315,0
199547,0.8594,-0.0285,-0.5103,0.0135,0.1096,-0.0491,-0.2333,0
199713,0.8690,-0.0285,-0.4938,0.0132,0.0402,-0.0225,-0.2507,0
199880,0.8787,-0.0286,-0.4764,0.0129,0.1928,-0.0012,-0.3029,0
200047,0.8887,-0.0287,-0.4574,0.0126,0.3670,-0.0432,-0.4356,0
200213,0.8994,-0.0288,-0.4360,0.0123,0.5306,-0.0293,-0.5569,0
200380,0.9106,-0.0289,-0.4121,0.0121,0.1912,-0.0038,-0.5003,0
200547,0.9214,-0.0289,-0.3873,0.0121,-0.1932,0.0583,-0.3171,0
200713,0.9313,-0.0288,-0.3629,0.0129,-0.4576,0.1712,-0.1087,0
200880,0.9400,-0.0284,-0.3397,0.0150,-0.3800,0.2655,-0.0879,0
201047,0.9478,-0.0273,-0.3171,0.0187,-0.3030,0.2098,-0.0930,0
201213,0.9546,-0.0259,-0.2958,0.0235,-0.6518,0.1886,0.2855,0
201380,0.9599,-0.0248,-0.2776,0.0288,-0.7733,0.1174,0.4911,0
201547,0.9639,-0.0241,-0.2631,0.0334,-0.6839,-0.2058,0.4683,0
201713,0.9669,-0.0236,-0.2512,0.0366,-0.5107,-0.1861,0.3827,0
201880,0.9693,-0.0235,-0.2416,0.0381,-0.4514,-0.2623,0.3553,0
202047,0.9712,-0.0238,-0.2341,0.0382,-0.3164,-0.1469,0.3211,0
202213,0.9727,-0.0243,-0.2275,0.0382,0.0567,0.0480,-0.1353,0
202380,0.9746,-0.0246,-0.2195,0.0382,0.2243,-0.0089,-0.3580,0
202547,0.9765,-0.0248,-0.2107,0.0382,-0.1769,-0.0144,0.1513,0
202713,0.9778,-0.0250,-0.2043,0.0383,-0.4008,0.0314,0.4056,0
202880,0.9788,-0.0252,-0.1994,0.0386,-0.1118,0.0381,0.0776,0
203047,0.9798,-0.0253,-0.1947,0.0390,0.0110,0.0455,-0.0256,0
203213,0.9806,-0.0256,-0.1901,0.0393,0.0023,-0.0427,-0.1076,0
203380,0.9817,-0.0260,-0.1848,0.0393,0.1492,-0.0156,-0.2346,0
203547,0.9829,-0.0267,-0.1777,0.0394,0.2773,0.0766,-0.6381,0
203713,0.9846,-0.0277,-0.1678,0.0396,0.3621,0.0074,-0.4032,0
203880,0.9864,-0.0285,-0.1565,0.0402,-0.0261,0.1397,-0.1520,0
204047,0.9880,-0.0294,-0.1457,0.0415,-0.2171,0.1261,0.1132,0
204213,0.9893,-0.0300,-0.1358,0.0433,-0.1770,0.0642,0.1772,0
204380,0.9904,-0.0306,-0.1274,0.0448,-0.2532,-0.1854,0.2664,0
204547,0.9910,-0.0310,-0.1217,0.0454,-0.5003,-0.1946,0.6639,0
204713,0.9914,-0.0313,-0.1189,0.0454,-0.1934,-0.0310,0.3215,0
204880,0.9916,-0.0315,-0.1166,0.0452,0.1012,0.0258,-0.1443,0
205047,0.9920,-0.0317,-0.1134,0.0451,0.1070,0.0501,-0.1751,0
205213,0.9924,-0.0320,-0.1101,0.0449,-0.0499,-0.0395,-0.0207,0
205380,0.9927,-0.0323,-0.1073,0.0447,-0.0451,-0.0081,0.0799,0
205547,0.9931,-0.0328,-0.1033,0.0443,0.5211,-0.1023,-0.8933,0
205713,0.9942,-0.0336,-0.0925,0.0438,0.6634,0.0490,-1.0820,0
205880,0.9953,-0.0341,-0.0791,0.0433,-0.1296,0.0348,0.1881,0
206047,0.9960,-0.0340,-0.0709,0.0429,-1.1285,-0.0174,1.9379,0
206213,0.9960,-0.0340,-0.0711,0.0427,-0.4587,0.1456,0.4278,0
206380,0.9960,-0.0341,-0.0711,0.0426,0.3468,-0.1074,-0.5751,0
206547,0.9962,-0.0337,-0.0676,0.0423,0.3575,0.0377,-0.5098,0
206713,0.9966,-0.0334,-0.0633,0.0420,-0.2079,0.0083,0.1626,0
206880,0.9967,-0.0333,-0.0612,0.0418,-0.2835,0.0367,0.3234,0
207047,0.9968,-0.0335,-0.0602,0.0417,-0.0175,0.0441,-0.0994,0
207213,0.9969,-0.0337,-0.0583,0.0418,-0.0056,-0.0856,-0.2484,0
207380,0.9969,-0.0338,-0.0569,0.0417,-0.0109,0.1170,0.1681,0
207547,0.9970,-0.0339,-0.0556,0.0416,0.0351,-0.0354,-0.1180,0
207713,0.9971,-0.0337,-0.0536,0.0415,0.1165,0.0492,-0.1002,0
207880,0.9972,-0.0337,-0.0517,0.0414,-0.1537,-0.0252,0.0733,0
208047,0.9973,-0.0336,-0.0505,0.0413,-0.0375,0.0289,0.0377,0
208213,0.9974,-0.0336,-0.0491,0.0412,0.0401,0.0407,-0.0797,0
208380,0.9974,-0.0336,-0.0482,0.0411,-0.0635,-0.0260,0.0416,0
208547,0.9975,-0.0339,-0.0470,0.0409,0.2062,0.0587,-0.4072,0
208713,0.9978,-0.0347,-0.0403,0.0408,0.5786,0.0164,-0.9929,0
208880,0.9980,-0.0343,-0.0337,0.0404,-0.4124,-0.1295,0.5351,0
209047,0.9981,-0.0346,-0.0309,0.0403,-0.4455,0.1009,0.8394,0
209213,0.9981,-0.0347,-0.0308,0.0402,0.0589,0.0349,-0.1071,0
209380,0.9982,-0.0346,-0.0291,0.0400,0.1293,-0.0603,-0.2994,0
209547,0.9983,-0.0343,-0.0267,0.0399,-0.0835,0.0298,0.0654,0
209713,0.9983,-0.0344,-0.0259,0.0398,-0.1254,0.0747,0.1882,0
209880,0.9983,-0.0345,-0.0254,0.0397,0.0165,-0.0275,-0.1262,0
210047,0.9983,-0.0345,-0.0246,0.0396,0.0123,-0.0143,-0.0570,0
210213,0.9983,-0.0345,-0.0241,0.0396,-0.0637,0.0221,0.0194,0
210380,0.9983,-0.0346,-0.0238,0.0395,0.0082,0.0049,-0.0746,0
210547,0.9984,-0.0346,-0.0231,0.0395,-0.0156,-0.0131,-0.0932,0
210713,0.9984,-0.0346,-0.0225,0.0395,0.0077,0.0475,-0.0212,0
210880,0.9984,-0.0347,-0.0216,0.0394,0.0219,0.0135,-0.1239,0
211047,0.9984,-0.0348,-0.0202,0.0395,-0.1666,-0.1058,-0.1089,0
211213,0.9984,-0.0348,-0.0188,0.0397,-0.0625,0.1100,-0.0048,0
211380,0.9984,-0.0350,-0.0177,0.0399,-0.0057,-0.0111,-0.0606,0
211547,0.9984,-0.0351,-0.0165,0.0401,0.0626,0.0145,0.0146,0
211714,0.9984,-0.0351,-0.0152,0.0406,-0.0890,-0.0292,-0.0751,0
211880,0.9984,-0.0351,-0.0139,0.0410,0.0004,0.0444,-0.0507,0
212047,0.9984,-0.0352,-0.0127,0.0414,-0.0069,0.0024,-0.0509,0
212214,0.9984,-0.0353,-0.0111,0.0418,0.0718,0.0194,-0.0659,0
212380,0.9985,-0.0352,-0.0093,0.0420,0.0194,0.0240,-0.0975,0
212547,0.9985,-0.0354,-0.0072,0.0422,0.1349,0.0631,-0.1683,0
212714,0.9985,-0.0355,-0.0047,0.0421,0.0266,0.0004,-0.0446,0
212880,0.9985,-0.0355,-0.0026,0.0421,-0.1037,0.0139,0.1133,0
213047,0.9985,-0.0357,-0.0013,0.0420,-0.0323,0.0346,0.0193,0
213214,0.9985,-0.0357,-0.0004,0.0419,-0.0702,-0.0089,0.0672,0
213380,0.9985,-0.0358,0.0002,0.0419,-0.0200,0.0179,0.0219,0
213547,0.9985,-0.0359,0.0003,0.0419,-0.0273,-0.0061,0.0232,0
213714,0.9985,-0.0359,0.0005,0.0418,0.0334,0.0220,-0.0445,0
213880,0.9985,-0.0359,0.0010,0.0417,0.0170,0.0245,-0.0758,0
214047,0.9985,-0.0358,0.0015,0.0417,-0.0208,-0.0052,0.0122,0
214214,0.9985,-0.0357,0.0022,0.0416,0.0000,0.0271,-0.0780,0
214380,0.9985,-0.0356,0.0030,0.0416,-0.0372,-0.0032,0.0157,0
214547,0.9985,-0.0355,0.0036,0.0415,-0.0076,0.0422,-0.0115,0
214714,0.9985,-0.0355,0.0043,0.0414,0.0146,0.0132,-0.1053,0
214880,0.9985,-0.0356,0.0054,0.0414,0.1236,0.0071,-0.3588,0
215047,0.9984,-0.0362,0.0130,0.0413,0.3942,0.1024,-0.5880,0
215214,0.9984,-0.0355,0.0164,0.0417,-0.5781,-0.0458,0.8568,0
215380,0.9984,-0.0359,0.0153,0.0417,-0.0755,0.0389,0.0702,0
215547,0.9984,-0.0358,0.0163,0.0416,0.1567,-0.0725,-0.3112,0
215714,0.9984,-0.0356,0.0173,0.0416,-0.1701,0.0819,0.2497,0
215880,0.9983,-0.0358,0.0172,0.0416,0.0116,-0.0025,-0.1258,0
216047,0.9983,-0.0356,0.0178,0.0415,-0.0070,0.0122,-0.0075,0
216214,0.9983,-0.0356,0.0181,0.0415,-0.0095,0.0039,-0.0521,0
216380,0.9983,-0.0355,0.0186,0.0415,0.0049,0.0004,-0.0188,0
216547,0.9983,-0.0354,0.0189,0.0414,-0.0229,0.0232,-0.0195,0
216714,0.9983,-0.0354,0.0192,0.0413,-0.0038,0.0139,-0.0476,0
216880,0.9983,-0.0352,0.0196,0.0413,-0.0020,0.0225,-0.0454,0
217047,0.9983,-0.0352,0.0200,0.0412,-0.0284,0.0081,-0.0324,0
217214,0.9983,-0.0351,0.0203,0.0412,-0.0213,0.0242,-0.0209,0
217380,0.9983,-0.0350,0.0206,0.0412,0.0085,0.0092,-0.0710,0
217547,0.9983,-0.0349,0.0212,0.0411,-0.0081,0.0081,-0.0531,0
217714,0.9983,-0.0348,0.0217,0.0411,-0.0225,0.0293,-0.0208,0
217880,0.9983,-0.0346,0.0227,0.0411,0.0663,-0.0052,-0.0863,0
218047,0.9983,-0.0342,0.0247,0.0410,0.0678,0.0254,-0.0711,0
218214,0.9982,-0.0336,0.0277,0.0409,0.0401,-0.0429,-0.0927,0
218380,0.9982,-0.0335,0.0284,0.0408,-0.3182,0.1009,0.1587,0
218547,0.9982,-0.0335,0.0287,0.0408,0.0818,-0.0109,-0.0602,0
218714,0.9982,-0.0335,0.0290,0.0407,-0.0361,0.0152,-0.0589,0
218880,0.9982,-0.0335,0.0292,0.0407,-0.0157,0.0099,-0.0142,0
219047,0.9982,-0.0334,0.0293,0.0406,-0.0150,0.0138,-0.0465,0
219214,0.9982,-0.0334,0.0294,0.0406,-0.0001,0.0021,-0.0314,0
219380,0.9982,-0.0334,0.0297,0.0406,-0.0319,0.0218,-0.0321,0
219547,0.9982,-0.0334,0.0298,0.0406,-0.0002,0.0051,-0.0476,0
219714,0.9982,-0.0334,0.0297,0.0405,-0.0318,0.0262,-0.0363,0
219880,0.9982,-0.0334,0.0298,0.0405,0.0085,0.0038,-0.0541,0
220047,0.9982,-0.0334,0.0300,0.0405,-0.0238,0.0134,-0.0588,0
220214,0.9982,-0.0334,0.0301,0.0405,-0.0371,0.0214,-0.0343,0
220380,0.9982,-0.0334,0.0301,0.0404,0.0010,0.0148,-0.0288,0
220547,0.9982,-0.0334,0.0300,0.0404,-0.0109,0.0192,-0.0270,0
220714,0.9982,-0.0334,0.0300,0.0404,-0.0187,0.0113,-0.0306,0
220880,0.9982,-0.0334,0.0298,0.0404,-0.0653,0.0352,-0.0256,0
221047,0.9982,-0.0333,0.0296,0.0404,0.0779,-0.0127,-0.0212,0
221214,0.9982,-0.0333,0.0295,0.0404,-0.0393,0.0388,-0.0312,0
221380,0.9982,-0.0334,0.0295,0.0404,-0.0103,0.0095,-0.0381,0
221547,0.9982,-0.0334,0.0290,0.0404,-0.0125,0.0028,-0.0311,0
221714,0.9982,-0.0334,0.0284,0.0404,-0.0160,-0.0124,-0.0255,0
221880,0.9982,-0.0336,0.0277,0.0403,-0.0322,0.0582,-0.0107,0
222047,0.9983,-0.0337,0.0269,0.0403,0.0167,0.0111,-0.0518,0
222214,0.9983,-0.0337,0.0269,0.0403,0.0791,-0.0043,-0.0916,0
222380,0.9982,-0.0335,0.0279,0.0403,0.0609,-0.0087,-0.0898,0
222547,0.9982,-0.0335,0.0282,0.0402,-0.1574,0.0632,0.0374,0
222714,0.9982,-0.0335,0.0277,0.0402,0.0018,0.0130,-0.0177,0
222880,0.9983,-0.0338,0.0262,0.0403,-0.1303,0.0340,0.0190,0
223047,0.9983,-0.0340,0.0257,0.0402,0.1811,-0.0412,-0.1916,0
223214,0.9983,-0.0338,0.0263,0.0402,-0.0096,0.0248,-0.0065,0
223380,0.9983,-0.0339,0.0262,0.0402,-0.0463,0.0296,-0.0048,0
223547,0.9983,-0.0338,0.0264,0.0402,0.0131,-0.0058,-0.0829,0
223714,0.9983,-0.0337,0.0269,0.0401,0.0168,0.0052,-0.0704,0
223880,0.9983,-0.0336,0.0275,0.0400,-0.0151,0.0181,-0.0226,0
224047,0.9983,-0.0336,0.0273,0.0401,-0.1409,0.0707,0.0232,0
224214,0.9983,-0.0340,0.0255,0.0401,-0.0024,-0.0355,0.0327,0
224380,0.9983,-0.0342,0.0247,0.0401,0.0932,-0.0115,-0.1332,0
224547,0.9983,-0.0342,0.0241,0.0400,-0.0934,0.0529,0.0303,0
224714,0.9983,-0.0346,0.0223,0.0401,-0.0665,0.0374,0.1118,0
224880,0.9984,-0.0349,0.0209,0.0401,0.0594,0.0150,-0.1140,0
225047,0.9984,-0.0349,0.0199,0.0401,-0.0267,-0.0012,0.0474,0
225214,0.9984,-0.0349,0.0180,0.0402,-0.2420,0.0143,0.1096,0
225380,0.9985,-0.0350,0.0151,0.0405,0.0674,0.0824,0.3470,0
225547,0.9985,-0.0348,0.0097,0.0406,-0.3045,-0.0340,0.5159,0
225714,0.9986,-0.0346,0.0014,0.0408,-0.2287,0.0403,0.4807,0
225880,0.9985,-0.0343,-0.0089,0.0409,-0.1402,-0.0007,0.1496,0
226047,0.9984,-0.0341,-0.0193,0.0411,0.0479,0.0069,-0.2735,0
226214,0.9982,-0.0339,-0.0284,0.0412,0.0854,-0.0214,-0.3055,0
226380,0.9979,-0.0336,-0.0360,0.0413,0.0728,0.0093,-0.3232,0
226547,0.9977,-0.0334,-0.0426,0.0414,0.0246,0.0057,-0.1115,0
226714,0.8724,-0.0075,-0.0593,0.4850,-0.0588,-0.1008,0.1745,0
226880,0.8720,-0.0031,-0.0675,0.4848,-0.2166,-0.2169,0.5069,0
227047
227214
